대여소 번호,대여소 아이디,대여소 이름,사용유무,주소(구),주소(동),상세주소,위도,경도,권역,지오펜스 거리,등록일,수정일
1,SJ_00001,보람동_세종시청 정문1,Y,세종,보람동,세종특별자치시 보람동 702,127.289038,36.478950,3,30,2018-06-19 19:37:25,2021-12-27 15:34:26
2,SJ_00002,보람동_시드니하트,Y,세종,보람동,세종특별자치시 보람동 616-1,127.294110,36.484045,3,30,2018-07-09 20:33:41,2021-04-20 13:56:15
3,SJ_00003,보람동_세종시청 후문,Y,세종,보람동,세종특별자치시 보람동 663,127.288405,36.480258,3,30,2018-06-21 15:44:32,2020-12-10 10:24:00
4,SJ_00004,보람동_세종시청후문 잔디광장,Y,세종,보람동,세종특별자치시 보람동 626-2,127.289090,36.480842,3,30,2018-06-21 15:49:04,2020-12-10 10:24:00
5,SJ_00005,보람동_호려울302동 건너편,Y,세종,보람동,세종특별자치시 보람동 664-47,127.281104,36.477518,3,30,2018-06-21 15:51:54,2020-12-10 10:24:00
6,SJ_00006,보람동_세종교육청,Y,세종,보람동,세종특별자치시 보람동 664-17,127.286182,36.477736,3,25,2018-06-21 15:56:15,2020-12-10 10:24:00
7,SJ_00007,보람동_세종남부경찰서 건너편,Y,세종,보람동,세종특별자치시 보람동 623-5,127.291883,36.482037,3,30,2018-06-21 15:59:08,2022-02-09 15:29:43
8,SJ_00008,보람동_새샘315동앞,Y,세종,보람동,세종특별자치시 보람동 617-5,127.294376,36.483899,3,30,2018-07-09 20:35:58,2020-12-10 10:24:00
9,SJ_00009,보람동_호려울8단지 정문,Y,세종,보람동,세종특별자치시 보람동 686,127.295439,36.478263,3,30,2018-07-09 20:38:15,2020-12-10 10:24:00
10,SJ_00010,보람동_호려울810동,Y,세종,보람동,세종특별자치시 보람동 635-8,127.297308,36.479951,3,30,2018-07-09 20:39:23,2020-12-15 14:07:14
11,SJ_00011,반곡동_새샘512동 건너편BRT 1,Y,세종,반곡동,세종특별자치시 반곡동 203-278,127.307880,36.481427,3,30,2018-08-11 11:25:39,2021-12-27 19:12:36
12,SJ_00012,소담동_새샘216동앞BRT,Y,세종,소담동,세종특별자치시 소담동 32-123,127.297858,36.482487,3,30,2018-07-09 20:43:17,2020-12-10 10:24:00
13,SJ_00013,소담동_새샘217동앞BRT,Y,세종,소담동,세종특별자치시 소담동 32-127,127.298771,36.483134,3,30,2018-07-09 20:44:04,2020-12-10 10:24:00
14,SJ_00014,소담동_새샘308동앞BRT,Y,세종,소담동,세종특별자치시 소담동 32-123,127.297934,36.483150,3,30,2018-07-09 20:45:15,2020-12-10 10:24:00
15,SJ_00015,소담동_새샘307동앞BRT,Y,세종,소담동,세종특별자치시 소담동 32-127,127.298764,36.483792,3,15,2018-07-09 20:46:14,2021-08-12 09:45:42
16,SJ_00016,소담동_새샘316동앞,Y,세종,소담동,세종특별자치시 소담동 550,127.295300,36.484876,3,30,2018-07-09 20:47:06,2022-08-15 15:52:21
17,SJ_00017,소담동_새샘316동건너편,Y,세종,소담동,세종특별자치시 소담동 333-1,127.294893,36.485029,3,30,2018-07-09 20:47:56,2020-12-10 10:24:00
18,SJ_00018,소담동_새샘301동건너편,Y,세종,소담동,세종특별자치시 소담동 333-6,127.295293,36.485517,3,10,2018-07-09 20:48:43,2021-08-11 12:40:19
19,SJ_00019,다정동_별뜰근린공원,Y,세종,다정동,세종특별자치시 다정동 409,127.235896,36.499667,2,30,2019-07-04 14:22:35,2020-12-10 10:24:00
20,SJ_00020,소담동_글벗초 건너편,Y,세종,소담동,세종특별자치시 소담동 509-6,127.296539,36.487322,3,30,2018-07-09 20:51:58,2020-12-10 10:24:00
21,SJ_00021,소담동_새샘803동 앞BRT2,Y,세종,소담동,세종특별자치시 소담동 332-4,127.301179,36.486802,3,30,2018-07-09 20:53:43,2022-02-10 07:44:51
22,SJ_00022,소담동_새샘803동 건너편BRT1,Y,세종,소담동,세종특별자치시 소담동 332-4,127.301857,36.486763,3,30,2018-07-09 20:54:36,2021-08-11 12:45:22
23,SJ_00023,소담동_새샘512동앞BRT(대전방향),Y,세종,소담동,세종특별자치시 소담동 9-3,127.307428,36.481462,3,35,2018-07-09 20:56:01,2021-12-27 19:08:21
24,SJ_00024,소담동_새샘511동앞BRT(대전방향),Y,세종,소담동,세종특별자치시 소담동 9-220,127.307691,36.480931,3,30,2018-07-09 20:56:47,2021-12-27 19:09:27
25,SJ_00025,반곡동_새샘512동 건너편BRT 2,Y,세종,반곡동,세종특별자치시 반곡동 203-278,127.307863,36.481517,3,30,2018-07-09 20:57:58,2021-12-27 19:13:53
26,SJ_00026,반곡동_새샘511동 건너편BRT,Y,세종,소담동,세종특별자치시 소담동 9-5,127.308087,36.481066,3,30,2018-07-09 20:58:40,2021-12-27 19:11:05
27,SJ_00027,소담동_새샘902동앞,Y,세종,소담동,세종특별자치시 소담동 521,127.298603,36.489872,3,30,2018-07-09 21:01:01,2021-08-14 13:39:02
28,SJ_00028,소담동_새샘903동건너편,Y,세종,소담동,세종특별자치시 소담동 282-2,127.298701,36.490841,3,30,2018-07-09 21:01:54,2020-12-10 10:24:00
29,SJ_00029,소담동_새샘602동버스정류장,Y,세종,소담동,세종특별자치시 소담동 산 9,127.307027,36.482323,3,25,2018-07-09 21:04:15,2020-12-10 10:24:00
30,SJ_00030,반곡동_새샘602동버스정류장건너편,Y,세종,반곡동,세종특별자치시 반곡동 산148,127.307528,36.482526,3,30,2018-07-09 21:05:11,2022-04-25 13:23:02
31,SJ_00031,반곡동_한국조세재정연구원 건너편 버스정류장,Y,세종,반곡동,세종특별자치시 반곡동 산68,127.301434,36.493997,3,30,2018-07-09 21:08:19,2020-12-10 10:24:00
32,SJ_00032,반곡동_국책연구단지 건너편 버스정류장,Y,세종,반곡동,세종특별자치시 반곡동 735,127.303227,36.495907,3,30,2018-07-09 21:11:21,2020-12-10 10:24:00
33,SJ_00033,대평동_해들613동앞BRT,Y,세종,대평동,세종특별자치시 대평동 613-2,127.280487,36.475127,3,30,2018-07-30 10:20:05,2020-12-10 10:24:00
34,SJ_00034,보람동_해들513동앞BRT,Y,세종,보람동,세종특별자치시 보람동 664-134,127.280865,36.474907,3,30,2018-07-30 10:21:06,2020-12-10 10:24:00
35,SJ_00035,대평동_씨티오브드림BRT1,Y,세종,대평동,세종특별자치시 대평동 63-16,127.276688,36.472668,3,30,2018-07-30 10:27:55,2020-12-10 10:24:00
36,SJ_00036,대평동_씨티오브드림BRT2,Y,세종,대평동,세종특별자치시 대평동 65-12,127.276106,36.472293,3,30,2018-07-30 10:28:40,2020-12-10 10:24:00
37,SJ_00037,대평동_씨티오브드림BRT3,Y,세종,대평동,세종특별자치시 대평동 125-3,127.275669,36.471963,3,30,2018-07-30 10:29:26,2020-12-10 10:24:00
38,SJ_00038,대평동_세종메디컬센터BRT1,Y,세종,대평동,세종특별자치시 대평동 548,127.277055,36.472382,3,30,2018-07-30 10:30:55,2020-12-10 10:24:00
39,SJ_00039,대평동_세종메디컬센터BRT2,Y,세종,대평동,세종특별자치시 대평동 65-15,127.276779,36.472197,3,30,2018-07-30 10:31:39,2020-12-10 10:24:00
40,SJ_00040,대평동_세종메디컬센터BRT3,Y,세종,대평동,세종특별자치시 대평동 152-7,127.276105,36.471763,3,30,2018-07-30 10:32:22,2020-12-10 10:24:00
41,SJ_00041,대평동_해피라움블루 건너편,Y,세종,대평동,세종특별자치시 대평동 198-64,127.274318,36.475098,3,30,2018-07-30 10:33:29,2020-12-10 10:24:00
42,SJ_00042,대평동_금강변길,Y,세종,대평동,세종특별자치시 대평동 201-7,127.272908,36.474216,3,30,2018-07-30 10:34:12,2020-12-10 10:24:00
44,SJ_00044,대평동_세종고속시외버스터미널BRT,Y,세종,대평동,세종특별자치시 대평동 643,127.273195,36.470563,3,30,2018-07-30 10:38:08,2020-12-10 10:24:00
45,SJ_00045,대평동_세종고속시외버스터미널 건너편,Y,세종,대평동,세종특별자치시 대평동 499,127.274299,36.469017,3,30,2018-07-30 10:39:02,2021-12-27 18:34:15
46,SJ_00046,보람동_세종시청 서문,Y,세종,보람동,세종특별자치시 보람동 627-2,127.288415,36.479836,3,30,2018-08-03 10:16:38,2020-12-10 10:24:00
47,SJ_00047,연기면_세종보 입구,Y,세종,연기면,세종특별자치시 연기면 세종리 1054,127.259123,36.476538,2,30,2018-08-06 08:15:57,2020-12-10 10:24:00
48,SJ_00048,한솔동_한솔중학교 버스정류장,Y,세종,한솔동,세종특별자치시 한솔동 976,127.255363,36.475171,2,30,2018-08-06 08:17:02,2020-12-10 10:24:00
49,SJ_00049,한솔동_첫마을7단지702동앞,Y,세종,한솔동,세종특별자치시 한솔동 1234,127.254921,36.474023,2,30,2018-08-06 08:17:58,2020-12-10 10:24:00
50,SJ_00050,한솔동_첫마을6단지617동옆,Y,세종,한솔동,세종특별자치시 한솔동 984,127.251964,36.475565,2,15,2018-08-06 08:19:08,2022-06-10 08:44:08
51,SJ_00051,한솔동_한솔고등학교,Y,세종,한솔동,세종특별자치시 한솔동 971,127.252185,36.478211,2,30,2018-08-06 08:20:15,2022-01-21 09:04:34
52,SJ_00052,한솔동_첫마을5단지525동옆,Y,세종,한솔동,세종특별자치시 한솔동 1229,127.250310,36.477601,2,25,2018-08-06 08:20:58,2021-08-23 07:33:56
53,SJ_00053,한솔동_주민센터,Y,세종,한솔동,세종특별자치시 한솔동 1230,127.254900,36.479357,2,30,2018-08-06 08:21:55,2020-12-10 10:24:00
54,SJ_00054,한솔동_첫마을 404동앞,Y,세종,한솔동,세종특별자치시 한솔동 1229,127.253419,36.481052,2,30,2018-08-06 08:23:21,2021-12-27 18:59:59
55,SJ_00055,한솔동_첫마을 402동앞,Y,세종,한솔동,세종특별자치시 한솔동 1229,127.251569,36.480223,2,30,2018-08-06 08:24:07,2022-04-20 17:23:32
57,SJ_00057,한솔동_첫마을1단지,Y,세종,한솔동,세종특별자치시 한솔동 1231,127.259645,36.482133,2,30,2018-08-06 08:26:21,2021-10-11 11:31:14
58,SJ_00058,한솔동_첫마을3단지,Y,세종,한솔동,세종특별자치시 한솔동 1232,127.260369,36.479792,2,30,2018-08-06 08:27:25,2021-09-24 12:58:09
59,SJ_00059,나성동_한솔동금강프라자1,Y,세종,나성동,세종특별자치시 나성동 724,127.262571,36.479048,2,30,2018-08-06 08:29:25,2020-12-10 10:24:00
60,SJ_00060,나성동_한솔동금강프라자2,Y,세종,나성동,세종특별자치시 나성동 723,127.262328,36.479133,2,30,2018-08-06 08:30:30,2022-05-04 23:15:06
61,SJ_00061,새롬동_새뜸정문 102동앞,Y,세종,새롬동,세종특별자치시 새롬동 산77,127.248515,36.482801,2,50,2018-08-06 13:13:16,2020-12-10 10:24:00
62,SJ_00062,새롬동_새뜸5단지,Y,세종,새롬동,세종특별자치시 새롬동 341-114,127.251107,36.483183,2,30,2018-08-06 13:14:22,2020-12-10 10:24:00
63,SJ_00063,새롬동_새뜸8단지건너편,Y,세종,새롬동,세종특별자치시 새롬동 341-77,127.253073,36.484625,2,30,2018-08-06 13:15:38,2020-12-10 10:24:00
64,SJ_00064,새롬동_새뜸프라자앞,Y,세종,새롬동,세종특별자치시 새롬동 341-106,127.251999,36.484200,2,30,2018-08-06 13:17:56,2020-12-10 10:24:00
65,SJ_00065,새롬동_복합커뮤니티센터 옆,Y,세종,새롬동,세종특별자치시 새롬동 산75,127.251332,36.485046,2,30,2018-08-06 13:18:34,2020-12-10 17:49:35
66,SJ_00066,새롬동_세움빌딩앞,Y,세종,새롬동,세종특별자치시 새롬동 산75,127.250956,36.485164,2,30,2018-08-06 13:19:46,2020-12-10 10:24:00
67,SJ_00067,새롬동_행운빌딩,Y,세종,새롬동,세종특별자치시 새롬동 산26,127.250624,36.485790,2,35,2018-08-06 13:21:19,2020-12-10 10:24:00
68,SJ_00068,새롬동_오렌지빌딩,Y,세종,새롬동,세종특별자치시 새롬동 산6,127.250476,36.486842,2,30,2018-08-06 13:22:00,2020-12-10 10:24:00
69,SJ_00069,새롬동_해피라움W앞,Y,세종,새롬동,세종특별자치시 새롬동 산6,127.250668,36.486754,2,30,2018-08-06 13:22:48,2020-12-10 10:24:00
70,SJ_00070,새롬동_새뜸1003동건너편,Y,세종,새롬동,세종특별자치시 새롬동 산5,127.251418,36.487309,2,30,2018-08-06 13:37:33,2020-12-10 10:24:00
71,SJ_00071,새롬동_새뜸402동앞로터리,Y,세종,새롬동,세종특별자치시 새롬동 454-4,127.247663,36.486780,2,30,2018-08-06 13:38:22,2020-12-10 10:24:00
72,SJ_00072,새롬동_새뜸703동앞,Y,세종,새롬동,세종특별자치시 새롬동 302-1,127.250338,36.488113,2,35,2018-08-06 13:40:06,2021-03-25 08:06:01
73,SJ_00073,새롬동_새뜸705동앞,Y,세종,새롬동,세종특별자치시 새롬동 266,127.250133,36.489253,2,30,2018-08-06 13:50:39,2021-12-27 13:42:52
74,SJ_00074,새롬동_새롬종합복지센터좌,Y,세종,새롬동,세종특별자치시 새롬동 66-5,127.256033,36.485805,2,30,2018-08-06 13:52:41,2020-12-10 10:24:00
75,SJ_00075,나성동_명동프라자옆BRT,Y,세종,나성동,세종특별자치시 나성동 726,127.257124,36.487564,2,30,2018-08-06 13:54:46,2020-12-10 10:24:00
76,SJ_00076,다정동_다정초 봄빛문화공원,Y,세종,다정동,세종특별자치시 다정동 22-6,127.243401,36.493183,2,30,2018-08-06 14:18:51,2020-12-10 10:24:00
77,SJ_00077,다정동_가온511동앞,Y,세종,다정동,세종특별자치시 다정동 334,127.245049,36.494615,2,30,2018-08-06 14:21:00,2020-12-10 10:24:00
78,SJ_00078,다정동_the다정빌딩옆,Y,세종,다정동,세종특별자치시 다정동 7-3,127.248580,36.494859,2,30,2018-08-06 14:22:18,2020-12-10 10:24:00
79,SJ_00079,다정동_가온403동건너편 공원,Y,세종,다정동,세종특별자치시 다정동 9-3,127.248148,36.493878,2,30,2018-08-06 14:24:07,2021-08-04 12:07:04
80,SJ_00080,다정동_가온414동,Y,세종,다정동,세종특별자치시 다정동 363-257,127.249472,36.490763,2,25,2018-08-06 14:27:17,2021-09-09 18:19:42
81,SJ_00081,다정동_가온1006동앞,Y,세종,다정동,세종특별자치시 다정동 363-38,127.252430,36.490872,2,30,2018-08-06 14:28:21,2020-12-10 10:24:00
82,SJ_00082,다정동_가온703동 옆,Y,세종,다정동,세종특별자치시 다정동 967,127.252106,36.492861,2,30,2018-08-06 14:29:09,2021-08-04 09:10:26
83,SJ_00083,다정동_가온1215옆,Y,세종,다정동,세종특별자치시 다정동 363-153,127.252411,36.493288,2,30,2018-08-06 14:30:02,2020-12-10 10:24:00
84,SJ_00084,다정동_가온8단지앞상가(페스티발2),Y,세종,다정동,세종특별자치시 다정동 7-4,127.249278,36.494827,2,15,2018-08-06 14:31:08,2021-12-07 19:48:39
85,SJ_00085,나성동_모닝시티오피스텔,Y,세종,나성동,세종특별자치시 나성동 734,127.255910,36.491253,2,40,2018-08-06 14:32:53,2020-12-10 17:48:14
86,SJ_00086,다정동_가온807동앞,Y,세종,다정동,세종특별자치시 다정동 13,127.252129,36.495453,2,30,2018-08-06 14:33:57,2020-12-10 10:24:00
87,SJ_00087,다정동_가온312동앞,Y,세종,다정동,세종특별자치시 다정동 308-5,127.240739,36.499051,2,30,2018-08-06 14:36:57,2020-12-10 10:24:00
88,SJ_00088,다정동_가온314동앞,Y,세종,종촌동,세종특별자치시 종촌동 710,127.243434,36.499395,2,35,2018-08-06 14:38:29,2020-12-15 14:04:41
89,SJ_00089,다정동_가온315동앞,Y,세종,다정동,세종특별자치시 다정동 273-4,127.244546,36.499254,2,30,2018-08-06 14:39:22,2020-12-10 10:24:00
90,SJ_00090,다정동_가온607동앞,Y,세종,다정동,세종특별자치시 다정동 1-1,127.245067,36.498814,2,30,2018-08-06 14:40:12,2020-12-10 10:24:00
91,SJ_00091,다정동_가온603동앞 공원,Y,세종,다정동,세종특별자치시 다정동 85-1,127.248717,36.498982,2,30,2018-08-06 14:40:56,2020-12-10 10:24:00
92,SJ_00092,다정동_가온603동앞,Y,세종,다정동,세종특별자치시 다정동 85-2,127.248864,36.498653,2,30,2018-08-06 14:41:54,2020-12-10 10:24:00
93,SJ_00093,다정동_가온906동앞,Y,세종,다정동,세종특별자치시 다정동 93,127.249656,36.498909,2,25,2018-08-06 14:43:00,2021-04-02 17:44:22
94,SJ_00094,다정동_가온904동앞 공원,Y,세종,다정동,세종특별자치시 다정동 95,127.251723,36.498332,2,30,2018-08-06 14:43:36,2021-08-04 12:11:36
95,SJ_00095,고운동_고운동(만남로),Y,세종,고운동,세종특별자치시 고운동 1816,127.236016,36.501136,1,30,2018-08-06 14:48:25,2020-12-10 10:24:00
96,SJ_00096,고운동_가락602동앞,Y,세종,고운동,세종특별자치시 고운동 2057,127.239876,36.502350,1,30,2018-08-06 14:50:46,2020-12-10 10:24:00
97,SJ_00097,고운동_가락612동건너편,Y,세종,고운동,세종특별자치시 고운동 1740,127.238061,36.502561,1,30,2018-08-06 14:51:47,2020-12-10 10:24:00
98,SJ_00098,고운동_가락704동앞,Y,세종,고운동,세종특별자치시 고운동 1724,127.237998,36.504463,1,30,2018-08-06 14:52:54,2020-12-10 10:24:00
99,SJ_00099,고운동_그랜드프라자앞,Y,세종,고운동,세종특별자치시 고운동 2057,127.233817,36.505251,1,30,2018-08-06 14:54:55,2020-12-10 10:24:00
100,SJ_00100,고운동_가락303동앞,Y,세종,고운동,세종특별자치시 고운동 1708,127.236700,36.506601,1,40,2018-08-06 14:56:10,2022-05-16 09:36:50
101,SJ_00101,고운동_고운중학교,Y,세종,고운동,세종특별자치시 고운동 1709,127.237259,36.506298,1,20,2018-08-06 14:57:28,2020-12-10 10:24:00
102,SJ_00102,고운동_고운중 버스정류장,Y,세종,고운동,세종특별자치시 고운동 1709,127.237513,36.506158,1,20,2018-08-06 14:58:10,2020-12-10 10:24:00
103,SJ_00103,고운동_가락801동앞,Y,세종,고운동,세종특별자치시 고운동 2058,127.239389,36.507022,1,50,2018-08-06 14:59:12,2020-12-10 10:24:00
104,SJ_00104,고운동_참샘빌딩건너편,Y,세종,고운동,세종특별자치시 고운동 2058,127.234265,36.506451,1,30,2018-08-06 16:03:03,2020-12-10 10:24:00
105,SJ_00105,고운동_마음로 버스정류장,Y,세종,고운동,세종특별자치시 고운동 2057,127.231786,36.507032,1,30,2018-08-06 16:06:38,2020-12-10 10:24:00
106,SJ_00106,고운동_으뜸초등학교건너편,Y,세종,고운동,세종특별자치시 고운동 1466,127.230843,36.507874,1,30,2018-08-06 16:09:15,2020-12-10 10:24:00
107,SJ_00107,고운동_가락1103동앞,Y,세종,고운동,세종특별자치시 고운동 2057,127.229930,36.510399,1,30,2018-08-06 16:15:19,2020-12-10 10:24:00
108,SJ_00108,고운동_가락1302동앞,Y,세종,고운동,세종특별자치시 고운동 1401,127.229697,36.513094,1,50,2018-08-06 16:19:45,2020-12-10 10:24:00
109,SJ_00109,고운동_가락1307동앞,Y,세종,고운동,세종특별자치시 고운동 1401,127.229857,36.514480,1,25,2018-08-06 16:25:20,2021-09-09 14:31:07
110,SJ_00110,고운동_가락1004동앞,Y,세종,고운동,세종특별자치시 고운동 1400,127.229409,36.514352,1,20,2018-08-06 16:27:56,2020-12-10 10:24:00
111,SJ_00111,고운동_고운고등학교 건너편,Y,세종,고운동,세종특별자치시 고운동 2058,127.234014,36.510417,1,30,2018-08-06 16:29:25,2020-12-10 10:24:00
112,SJ_00112,고운동_고운고등학교앞 로터리,Y,세종,고운동,세종특별자치시 고운동 1412,127.233675,36.510748,1,20,2018-08-06 16:32:17,2021-12-27 19:25:37
113,SJ_00113,고운동_고운동성당 건너편,Y,세종,고운동,세종특별자치시 고운동 1403,127.233017,36.513226,1,30,2018-08-06 16:33:28,2022-03-28 16:26:17
114,SJ_00114,고운동_고운동(마음안로)2,Y,세종,고운동,세종특별자치시 고운동 1355,127.233130,36.515171,1,30,2018-08-06 16:38:37,2020-12-10 10:24:00
115,SJ_00115,고운동_가락611동 건너편,Y,세종,고운동,세종특별자치시 고운동 1733,127.237042,36.502942,1,25,2018-08-06 16:40:03,2021-05-14 07:47:35
116,SJ_00116,고운동_고운동(마음로),Y,세종,고운동,세종특별자치시 고운동 2057,127.230874,36.516825,1,30,2018-08-06 16:41:25,2020-12-10 10:24:00
117,SJ_00117,고운동_ 침례교회앞,Y,세종,고운동,세종특별자치시 고운동 2057,127.231787,36.517593,1,30,2018-08-06 16:42:14,2020-12-15 14:05:23
118,SJ_00118,고운동_고운빌딩앞,Y,세종,고운동,세종특별자치시 고운동 1152,127.232672,36.518381,1,30,2018-08-06 16:44:36,2020-12-10 10:24:00
119,SJ_00119,고운동_고운빌딩 건너편,Y,세종,고운동,세종특별자치시 고운동 2057,127.232677,36.518663,1,30,2018-08-06 16:46:25,2020-12-10 10:24:00
120,SJ_00120,고운동_한빛교회 건너편,Y,세종,고운동,세종특별자치시 고운동 2058,127.234859,36.516338,1,30,2018-08-06 16:48:44,2020-12-10 10:24:00
121,SJ_00121,고운동_복합커뮤니티센터,Y,세종,고운동,세종특별자치시 고운동 1382,127.237240,36.520021,1,30,2018-08-06 17:02:57,2020-12-10 10:24:00
122,SJ_00122,고운동_가락1809동앞,Y,세종,고운동,세종특별자치시 고운동 2057,127.237027,36.520219,1,30,2018-08-06 17:11:38,2020-12-10 10:24:00
123,SJ_00123,한솔동_첫마을402동 건너편,Y,세종,한솔동,세종특별자치시 한솔동 963,127.251731,36.479975,2,30,2019-07-04 14:47:29,2020-12-10 10:24:00
124,SJ_00124,고운동_가락1506동앞,Y,세종,고운동,세종특별자치시 고운동 1393,127.237564,36.517281,1,25,2018-08-06 17:17:01,2021-11-23 18:09:39
125,SJ_00125,고운동_두루중학교,Y,세종,고운동,세종특별자치시 고운동 1385,127.239164,36.518155,1,30,2018-08-06 17:18:54,2020-12-10 10:24:00
126,SJ_00126,고운동_가락2105동앞,Y,세종,고운동,세종특별자치시 고운동 1390,127.241418,36.517565,1,25,2018-08-06 17:20:30,2021-10-26 15:54:50
127,SJ_00127,고운동_가락마을2003동 앞,N,세종,고운동,세종특별자치시 고운동 1396,127.241019,36.517241,1,30,2018-08-06 17:21:09,2021-12-27 17:33:31
128,SJ_00128,고운동_가락1606동앞,Y,세종,고운동,세종특별자치시 고운동 1395,127.239155,36.516902,1,30,2018-08-06 17:22:13,2020-12-10 10:24:00
129,SJ_00129,고운동_가락1604동앞,Y,세종,고운동,세종특별자치시 고운동 1395,127.239129,36.515410,1,35,2018-08-06 17:22:54,2020-12-10 10:24:00
130,SJ_00130,고운동_가락810동건너편,Y,세종,고운동,세종특별자치시 고운동 2058,127.239969,36.508943,1,30,2018-08-06 17:23:50,2020-12-10 10:24:00
131,SJ_00131,고운동_가락810동앞,Y,세종,고운동,세종특별자치시 고운동 1706,127.240092,36.508769,1,30,2018-08-06 17:24:47,2020-12-10 10:24:00
132,SJ_00132,고운동_한옥마을건너편1,Y,세종,고운동,세종특별자치시 고운동,127.239786,36.510795,1,30,2018-08-06 17:26:28,2020-12-10 10:24:00
133,SJ_00133,고운동_한옥마을건너편2,Y,세종,고운동,세종특별자치시 고운동,127.239665,36.510333,1,30,2018-08-06 17:27:00,2020-12-10 10:24:00
134,SJ_00134,고운동_한옥마을앞,Y,세종,고운동,세종특별자치시 고운동,127.239400,36.510443,1,30,2018-08-06 17:27:38,2020-12-10 10:24:00
135,SJ_00135,종촌동_가재102동앞,Y,세종,종촌동,세종특별자치시 종촌동 686,127.243793,36.501713,1,30,2018-08-06 20:39:47,2022-01-20 14:04:35
136,SJ_00136,종촌동_가재303동앞,Y,세종,종촌동,세종특별자치시 종촌동 679,127.241406,36.503886,1,30,2018-08-06 20:40:22,2020-12-10 10:24:00
137,SJ_00137,종촌동_가재310동앞,Y,세종,종촌동,세종특별자치시 종촌동 679,127.243896,36.505023,1,25,2018-08-06 20:41:46,2022-03-16 21:03:28
138,SJ_00138,종촌동_가재403동앞,Y,세종,종촌동,세종특별자치시 종촌동 640,127.244961,36.505519,1,35,2018-08-06 20:42:24,2020-12-10 10:24:00
139,SJ_00139,종촌동_가재502동앞,Y,세종,종촌동,세종특별자치시 종촌동 710,127.246239,36.499491,1,30,2018-08-06 20:43:13,2020-12-10 10:24:00
140,SJ_00140,다정동_가온605동앞 공원,Y,세종,다정동,세종특별자치시 다정동 57-1,127.247137,36.499098,2,30,2018-08-06 20:44:06,2021-04-28 17:46:03
141,SJ_00141,종촌동_종촌중학교,Y,세종,종촌동,세종특별자치시 종촌동 675,127.246085,36.502060,1,35,2018-08-06 20:46:56,2020-12-10 10:24:00
142,SJ_00142,종촌동_CGV앞,Y,세종,종촌동,세종특별자치시 종촌동 674,127.247207,36.502186,1,30,2018-08-06 20:52:14,2020-12-10 10:24:00
143,SJ_00143,종촌동_가재523동앞,Y,세종,종촌동,세종특별자치시 종촌동 690,127.248263,36.501980,1,30,2018-08-06 20:52:53,2021-08-02 16:05:47
144,SJ_00144,종촌동_소망교회앞,Y,세종,종촌동,세종특별자치시 종촌동 671,127.248730,36.502239,1,30,2018-08-06 20:53:28,2021-12-27 14:51:33
145,SJ_00145,종촌동_가재801동앞,Y,세종,종촌동,세종특별자치시 종촌동 692,127.250042,36.500706,1,25,2018-08-06 20:54:33,2021-10-08 16:41:18
146,SJ_00146,종촌동_공영주차장앞,Y,세종,종촌동,세종특별자치시 종촌동 665,127.249992,36.503494,1,15,2018-08-06 20:55:24,2022-01-20 12:58:41
147,SJ_00147,종촌동_가재1103동건너편1,Y,세종,종촌동,세종특별자치시 종촌동 659,127.249890,36.504114,1,25,2018-08-06 20:56:08,2020-12-10 10:24:00
148,SJ_00148,종촌동_가재1103동건너편2,Y,세종,종촌동,세종특별자치시 종촌동 659,127.249841,36.504353,1,30,2018-08-06 20:57:14,2020-12-10 10:24:00
149,SJ_00149,종촌동_가재704동앞,Y,세종,종촌동,세종특별자치시 종촌동 701,127.249620,36.506615,1,40,2018-08-06 20:58:24,2020-12-10 10:24:00
150,SJ_00150,종촌동_가재911동앞,Y,세종,종촌동,세종특별자치시 종촌동 697,127.251003,36.501881,1,40,2018-08-06 20:58:56,2020-12-10 10:24:00
151,SJ_00151,종촌동_가재1008동앞,Y,세종,종촌동,세종특별자치시 종촌동 656-1,127.252239,36.501901,1,30,2018-08-06 20:59:43,2020-12-10 10:24:00
152,SJ_00152,종촌동_가재1009동건너편,Y,세종,종촌동,세종특별자치시 종촌동 697,127.252735,36.501528,1,30,2018-08-06 21:00:31,2020-12-10 10:24:00
153,SJ_00153,종촌동_가재1102동앞,Y,세종,종촌동,세종특별자치시 종촌동 654,127.250999,36.504626,1,30,2018-08-06 21:01:32,2020-12-10 10:24:00
154,SJ_00154,종촌동_가재1202동앞,Y,세종,종촌동,세종특별자치시 종촌동 701,127.250973,36.504884,1,30,2018-08-06 21:02:07,2020-12-10 10:24:00
155,SJ_00155,아름동_범지기101동앞,Y,세종,아름동,세종특별자치시 아름동 1477,127.241923,36.508983,1,10,2018-08-06 21:05:22,2020-12-21 09:47:14
156,SJ_00156,아름동_범지기401동건너편,Y,세종,아름동,세종특별자치시 아름동 1376,127.250010,36.509118,1,30,2018-08-06 21:06:10,2020-12-10 10:24:00
157,SJ_00157,아름동_범지기601동앞,Y,세종,아름동,세종특별자치시 아름동 1357,127.249758,36.510313,1,40,2018-08-06 21:07:38,2021-04-09 16:40:05
158,SJ_00158,아름동_다올비즈니스센터앞,Y,세종,아름동,세종특별자치시 아름동 1475,127.242248,36.511875,1,35,2018-08-06 21:09:30,2021-09-08 15:42:16
159,SJ_00159,아름동_아카데미타워앞,Y,세종,아름동,세종특별자치시 아름동 1318,127.243538,36.512167,1,20,2018-08-06 21:10:25,2022-02-04 19:02:05
160,SJ_00160,아름동_싱싱장터2호점앞,Y,세종,아름동,세종특별자치시 아름동 1352,127.247866,36.511608,1,20,2018-08-06 21:11:32,2020-12-10 10:24:00
161,SJ_00161,아름동_복합커뮤니티센터,Y,세종,아름동,세종특별자치시 아름동 1286,127.247855,36.511842,1,33,2018-08-06 21:12:11,2022-05-08 11:07:48
162,SJ_00162,아름동_해피라움4앞,Y,세종,아름동,세종특별자치시 아름동 1362,127.249595,36.511492,1,30,2018-08-06 21:13:02,2020-12-10 10:24:00
163,SJ_00163,아름동_해피라움3앞,Y,세종,아름동,세종특별자치시 아름동 1360,127.248956,36.511523,1,30,2018-08-06 21:14:02,2020-12-10 10:24:00
164,SJ_00164,아름동_해피라움1앞,Y,세종,아름동,세종특별자치시 아름동 1458,127.248980,36.511775,1,30,2018-08-06 21:15:14,2020-12-10 10:24:00
165,SJ_00165,아름동_해피라움2앞,Y,세종,아름동,세종특별자치시 아름동 1458,127.249558,36.511749,1,30,2018-08-06 21:15:52,2020-12-10 10:24:00
166,SJ_00166,아름동_범지기1101동앞,Y,세종,아름동,세종특별자치시   아름동 929,127.252444,36.511400,1,35,2018-08-06 21:16:37,2020-12-22 15:24:41
167,SJ_00167,아름동_아름고앞,Y,세종,아름동,세종특별자치시 아름동 1322,127.245820,36.513330,1,30,2018-08-06 21:18:38,2020-12-10 10:24:00
168,SJ_00168,아름동_아름중학교앞,Y,세종,아름동,세종특별자치시 아름동 1321,127.245669,36.514281,1,30,2018-08-06 21:19:08,2020-12-10 10:24:00
169,SJ_00169,아름동_한국해양교통안전공단,Y,세종,아름동,세종특별자치시 아름동 1305,127.242543,36.514818,1,20,2018-08-06 21:19:48,2020-12-10 10:24:00
170,SJ_00170,아름동_범지기1202동앞,Y,세종,아름동,세종특별자치시 아름동 1276,127.250458,36.512605,1,25,2018-08-06 21:21:30,2022-01-19 19:16:28
171,SJ_00171,아름동_아름초등학교앞,Y,세종,아름동,세종특별자치시 아름동 1275,127.250768,36.514231,1,30,2018-08-06 21:22:11,2020-12-10 10:24:00
172,SJ_00172,아름동_범지기808동앞,Y,세종,아름동,세종특별자치시 아름동 1279,127.250449,36.514286,1,30,2018-08-06 21:23:01,2020-12-10 10:24:00
173,SJ_00173,아름동_범지기303동앞,Y,세종,아름동,세종특별자치시 아름동 1297,127.245395,36.516106,1,30,2018-08-06 21:23:50,2020-12-10 10:24:00
174,SJ_00174,아름동_범지기1009동앞,Y,세종,아름동,세종특별자치시 아름동 1458,127.251053,36.515796,1,20,2018-08-06 21:24:26,2021-07-22 14:50:32
175,SJ_00175,아름동_범지기1012동 건너편,Y,세종,아름동,세종특별자치시 아름동 1242,127.251742,36.516766,1,30,2018-08-06 21:25:13,2020-12-10 10:24:00
176,SJ_00176,아름동_범지기1020동 건너편,Y,세종,아름동,세종특별자치시 아름동 1169,127.253096,36.519640,1,30,2018-08-06 21:26:15,2020-12-10 10:24:00
177,SJ_00177,아름동_범지기1023동건너편,Y,세종,아름동,세종특별자치시 아름동 1092,127.249809,36.519458,1,30,2018-08-06 21:26:55,2020-12-10 10:24:00
178,SJ_00178,도담동_세종충남대병원앞,Y,세종,도담동,세종특별자치시 도담동 910,127.256407,36.518883,1,30,2018-08-07 08:07:17,2020-12-10 10:24:00
179,SJ_00179,도담동_도램2002동건너편,Y,세종,도담동,세종특별자치시 도담동 581,127.262583,36.518269,1,30,2018-08-07 08:08:10,2020-12-10 10:24:00
180,SJ_00180,도담동_물댄동산감리교회,Y,세종,도담동,세종특별자치시 도담동 628,127.256521,36.516357,1,30,2018-08-07 08:08:57,2020-12-10 10:24:00
181,SJ_00181,도담동_해피라움7상가쪽건너편,Y,세종,도담동,세종특별자치시 도담동 679,127.257867,36.516062,1,30,2018-08-07 08:09:53,2020-12-10 10:24:00
182,SJ_00182,도담동_해피라움7,Y,세종,도담동,세종특별자치시 도담동 920,127.258136,36.515974,1,30,2018-08-07 08:10:47,2020-12-10 10:24:00
183,SJ_00183,도담동_도램1301동앞,Y,세종,도담동,세종특별자치시 도담동 922,127.261888,36.516176,1,20,2018-08-07 08:11:33,2020-12-10 10:24:00
184,SJ_00184,도담동_복합커뮤니티센터,Y,세종,도담동,세종특별자치시 도담동 645,127.262210,36.515906,1,30,2018-08-07 08:12:18,2020-12-10 10:24:00
185,SJ_00185,도담동_도담중학교,Y,세종,도담동,세종특별자치시 도담동 922,127.262992,36.515996,1,40,2018-08-07 08:12:48,2020-12-10 10:24:00
187,SJ_00187,도담동_라온프라이빗 우측,Y,세종,도담동,세종특별자치시 도담동 660,127.258740,36.514673,1,30,2018-08-07 08:14:43,2020-12-20 11:58:55
188,SJ_00188,도담동_한신휴시티중앙,Y,세종,도담동,세종특별자치시 도담동 661,127.258799,36.514439,1,30,2018-08-07 08:15:29,2020-12-20 11:59:40
189,SJ_00189,도담동_한신휴시티좌측,Y,세종,도담동,세종특별자치시 도담동 662,127.258868,36.513965,1,30,2018-08-07 08:16:15,2020-12-20 12:00:20
190,SJ_00190,도담동_싱싱장터앞BRT,Y,세종,도담동,세종특별자치시 도담동 647,127.259256,36.514773,1,15,2018-08-07 08:17:10,2020-12-10 10:24:00
191,SJ_00191,도담동_도램1105동앞BRT,Y,세종,도담동,세종특별자치시 도담동 402,127.259334,36.514210,1,15,2018-08-07 08:18:02,2020-12-10 10:24:00
192,SJ_00192,도담동_도램1603동앞,Y,세종,도담동,세종특별자치시 도담동 641,127.265962,36.514743,1,30,2018-08-07 08:19:14,2022-07-22 13:08:57
193,SJ_00193,도담동_도담고등학교,Y,세종,도담동,세종특별자치시 도담동 642,127.264529,36.513549,1,15,2018-08-07 08:19:56,2021-09-20 13:26:28
194,SJ_00194,도담동_도램1008동앞,Y,세종,도담동,세종특별자치시 도담동 853,127.260707,36.512611,1,30,2018-08-07 08:20:29,2020-12-10 10:24:00
195,SJ_00195,도담동_도램204동앞,Y,세종,도담동,세종특별자치시 도담동 917,127.255733,36.512183,1,30,2018-08-07 08:21:22,2020-12-10 10:24:00
197,SJ_00197,도담동_도램1507동건너편,Y,세종,연기면,세종특별자치시 연기면 세종리 산22-6,127.266847,36.512181,1,23,2018-08-07 08:22:48,2021-08-08 15:52:26
198,SJ_00198,도담동_도램1401동앞,Y,세종,도담동,세종특별자치시 도담동 858,127.264788,36.511118,1,40,2018-08-07 08:23:46,2020-12-10 10:24:00
199,SJ_00199,도담동_도램901동앞,Y,세종,도담동,세종특별자치시 도담동 855,127.261882,36.510627,1,30,2018-08-07 08:24:27,2020-12-10 10:24:00
200,SJ_00200,도담동_도램110동앞,Y,세종,도담동,세종특별자치시 도담동 845,127.257618,36.508385,1,30,2018-08-07 08:27:27,2020-12-10 10:24:00
201,SJ_00201,도담동_도램908동앞,Y,세종,도담동,세종특별자치시 도담동 855,127.264140,36.510086,1,30,2018-08-07 08:28:17,2020-12-10 10:24:00
202,SJ_00202,도담동_도램1411동앞,Y,세종,도담동,세종특별자치시 도담동 858,127.266978,36.510682,1,30,2018-08-07 08:29:08,2020-12-10 10:24:00
203,SJ_00203,도담동_양지고등학교,Y,세종,도담동,세종특별자치시 도담동 903,127.267945,36.508601,1,30,2018-08-07 08:30:10,2020-12-10 10:24:00
205,SJ_00205,어진동_세종중앙타운,Y,세종,어진동,세종특별자치시 어진동 710,127.261898,36.508407,1,25,2018-08-07 08:32:57,2020-12-10 10:24:00
206,SJ_00206,어진동_스타벅스,Y,세종,어진동,세종특별자치시 어진동 605,127.270002,36.504864,1,25,2018-08-07 08:35:04,2020-12-11 12:04:31
207,SJ_00207,어진동_국무조정실건너편,Y,세종,어진동,세종특별자치시 어진동 734,127.271983,36.502563,1,30,2018-08-07 08:35:56,2020-12-10 10:24:00
208,SJ_00208,어진동_정부청사관리본부,Y,세종,어진동,세종특별자치시 어진동 556,127.267186,36.504732,1,50,2018-08-07 08:36:54,2020-12-10 10:24:00
209,SJ_00209,어진동_국토교통부정문,Y,세종,어진동,세종특별자치시 어진동 717,127.262010,36.504531,1,50,2018-08-07 08:37:57,2020-12-10 10:24:00
210,SJ_00210,어진동_복합커뮤니티센터,Y,세종,어진동,세종특별자치시 어진동 518,127.256785,36.501591,1,30,2018-08-07 08:38:44,2020-07-21 18:44:18
211,SJ_00211,어진동_고용노동부BRT,Y,세종,어진동,세종특별자치시 어진동 581,127.260127,36.501459,1,30,2018-08-07 08:39:20,2020-12-10 10:24:00
212,SJ_00212,어진동_호수공원수변공원,Y,세종,어진동,세종특별자치시 어진동 638,127.269599,36.499517,1,40,2018-08-07 08:39:59,2020-12-10 10:24:00
213,SJ_00213,어진동_문화체육관광부,Y,세종,어진동,세종특별자치시 어진동 650,127.264431,36.498105,1,50,2018-08-07 08:40:43,2020-12-10 10:24:00
214,SJ_00214,연기면_호수공원매화공연장,Y,세종,연기면,세종특별자치시 연기면 세종리 1201,127.269458,36.497987,1,30,2018-08-07 08:41:46,2022-08-26 15:42:24
215,SJ_00215,어진동_LH세종특별본부,Y,세종,어진동,세종특별자치시 어진동 658,127.266200,36.495258,1,30,2018-08-07 08:42:46,2022-02-17 14:14:39
216,SJ_00216,연기면_행복도시세종홍보관,Y,세종,연기면,세종특별자치시 연기면 세종리 551-6,127.270092,36.489489,1,30,2018-08-07 08:43:40,2020-12-10 10:24:00
217,SJ_00217,다정동_가온124동앞,Y,세종,다정동,세종특별자치시 다정동 363-433,127.244876,36.489645,2,35,2018-08-07 14:55:16,2020-12-10 10:24:00
218,SJ_00218,다정동_가온104동앞,Y,세종,다정동,세종특별자치시 다정동 38-28,127.246134,36.491607,2,50,2018-08-07 14:55:58,2020-12-10 10:24:00
219,SJ_00219,다정동_가온117동앞,Y,세종,다정동,세종특별자치시 다정동 22-8,127.243938,36.493015,2,30,2018-08-07 14:56:42,2020-12-10 10:24:00
220,SJ_00220,다정동_가온511동앞,Y,세종,다정동,세종특별자치시 다정동 323-7,127.244934,36.494836,2,30,2018-08-10 14:25:26,2020-12-10 10:24:00
221,SJ_00221,보람동_호려울1006동앞,Y,세종,보람동,세종특별자치시 보람동 616-3,127.294162,36.483599,3,30,2018-08-10 16:10:17,2020-12-10 10:24:00
222,SJ_00222,보람동_호려울1004동앞,Y,세종,보람동,세종특별자치시 보람동 650-1,127.293302,36.482616,3,30,2018-08-10 16:13:21,2020-12-10 10:24:00
223,SJ_00223,보람동_세종시청뒤편,Y,세종,보람동,세종특별자치시 보람동 718,127.287750,36.479902,3,30,2018-08-10 16:21:01,2022-06-10 12:31:58
224,SJ_00224,대평동_BRT,Y,세종,대평동,세종특별자치시 대평동 65-12,127.275964,36.472159,3,20,2018-08-10 16:36:43,2020-12-10 10:24:00
225,SJ_00225,대평동_시외버스터미널BRT,Y,세종,대평동,세종특별자치시 대평동 643,127.273169,36.470940,3,30,2018-08-10 17:08:49,2020-12-10 10:24:00
226,SJ_00226,보람동_호려울101동앞,Y,세종,보람동,세종특별자치시 보람동 664-102,127.285866,36.475092,3,30,2018-08-11 09:25:00,2020-12-10 10:24:00
227,SJ_00227,보람동_호려울401동앞,Y,세종,보람동,세종특별자치시 보람동 796,127.289331,36.476651,3,35,2018-08-11 09:27:20,2022-04-25 09:17:08
228,SJ_00228,보람동_호려울501동앞,Y,세종,보람동,세종특별자치시 보람동 629-6,127.290610,36.477142,3,15,2018-08-11 09:29:34,2021-06-22 17:58:12
229,SJ_00229,보람동_호려울604동앞,Y,세종,보람동,세종특별자치시 보람동 795,127.294955,36.478563,3,15,2018-08-11 09:35:29,2021-07-07 08:56:51
230,SJ_00230,보람동_호려울902동앞,Y,세종,보람동,세종특별자치시 보람동 634-8,127.295566,36.479504,3,30,2018-08-11 09:37:59,2022-08-15 09:51:32
232,SJ_00232,소담동_새샘203동앞,Y,세종,소담동,세종특별자치시 소담동 32-103,127.299023,36.480826,3,50,2018-08-11 09:47:31,2020-12-10 10:24:00
233,SJ_00233,소담동_지엘플렉스1(입구)2,Y,세종,소담동,세종특별자치시 소담동 582,127.301747,36.485021,3,25,2018-08-11 09:49:39,2022-05-28 13:26:07
234,SJ_00234,소담동_새샘907동앞,Y,세종,소담동,세종특별자치시 소담동 286-7,127.299684,36.488752,3,30,2018-08-11 09:51:56,2020-12-10 10:24:00
235,SJ_00235,다정동_가온302동앞,Y,세종,다정동,세종특별자치시 다정동 산29,127.241700,36.496172,2,30,2018-08-11 09:59:42,2020-12-10 10:24:00
236,SJ_00236,다정동_가온325동옆 로터리,Y,세종,다정동,세종특별자치시 다정동 307,127.244723,36.496255,2,30,2018-08-11 10:02:44,2021-12-27 18:49:57
237,SJ_00237,다정동_가온610동옆,Y,세종,다정동,세종특별자치시 다정동 산 26,127.244926,36.497532,2,35,2018-08-11 10:04:20,2020-12-10 10:24:00
238,SJ_00238,다정동_가온201동앞,Y,세종,다정동,세종특별자치시 다정동 산28,127.243222,36.496011,2,30,2018-08-11 10:05:35,2020-12-10 10:24:00
239,SJ_00239,다정동_가온510동앞 공원,Y,세종,다정동,세종특별자치시 다정동 38,127.246459,36.494778,2,30,2018-08-11 10:07:06,2021-08-04 12:10:21
240,SJ_00240,다정동_가온616동앞,Y,세종,다정동,세종특별자치시 다정동 4-3,127.248791,36.496976,2,15,2018-08-11 10:08:19,2020-12-10 10:24:00
241,SJ_00241,다정동_가온801동앞,Y,세종,다정동,세종특별자치시 다정동 17,127.250118,36.495699,2,35,2018-08-11 10:09:46,2020-12-10 10:24:00
242,SJ_00242,다정동_가온1201동앞,Y,세종,다정동,세종특별자치시 다정동 363-77,127.255052,36.492640,2,25,2018-08-11 10:12:44,2020-12-10 10:24:00
243,SJ_00243,다정동_가온1001동앞,Y,세종,다정동,세종특별자치시 다정동 363-72,127.254081,36.492507,2,20,2018-08-11 10:14:48,2021-10-12 08:24:51
244,SJ_00244,나성동_포레뷰앞BRT,Y,세종,나성동,세종특별자치시 나성동 736,127.256191,36.490722,2,30,2018-08-11 10:21:12,2020-12-10 10:24:00
245,SJ_00245,다정동_다정센타프라자앞,Y,세종,다정동,세종특별자치시 다정동 981,127.248722,36.495532,2,35,2018-08-11 10:23:18,2022-07-08 11:15:56
246,SJ_00246,다정동_리치타워앞,Y,세종,다정동,세종특별자치시 다정동 363-183,127.249401,36.493768,2,30,2018-08-11 10:26:13,2020-12-10 10:24:00
247,SJ_00247,보람동_호려울805동앞,Y,세종,보람동,세종특별자치시 보람동 633-10,127.295283,36.478607,3,30,2018-08-11 10:47:56,2020-12-10 10:24:00
248,SJ_00248,한솔동_첫마을6단지 상가옆,Y,세종,한솔동,세종특별자치시 한솔동 1237,127.254865,36.474746,2,30,2018-08-11 11:02:00,2020-12-10 10:24:00
249,SJ_00249,한솔동_첫마을6단지 정류장,Y,세종,한솔동,세종특별자치시 한솔동 1229,127.253187,36.475209,2,45,2018-08-11 11:09:38,2022-06-10 09:24:04
250,SJ_00250,소담동_새샘215동앞BRT,Y,세종,소담동,세종특별자치시 소담동 333-32,127.297462,36.482212,3,30,2018-08-11 11:40:27,2020-12-10 10:24:00
251,SJ_00251,소담동_새샘216동앞BRT,Y,세종,소담동,세종특별자치시 소담동 32-123,127.298353,36.482894,3,30,2018-08-11 11:46:19,2020-12-10 10:24:00
252,SJ_00252,소담동_새샘309동앞BRT,Y,세종,소담동,세종특별자치시 소담동 333-18,127.297137,36.482649,3,30,2018-08-11 11:56:09,2020-12-10 10:24:00
253,SJ_00253,나성동_LH분양홍보관건너편2,Y,세종,나성동,세종특별자치시 나성동 59-4,127.269095,36.481223,1,30,2018-08-11 12:17:54,2020-12-10 10:24:00
254,SJ_00254,나성동_LH분양홍보관건너편1,Y,세종,나성동,세종특별자치시 나성동 182-5,127.268610,36.482087,1,30,2018-08-11 12:18:37,2020-12-10 10:24:00
255,SJ_00255,나성동_LH분양홍보관,Y,세종,나성동,세종특별자치시 나성동 97-2,127.268625,36.481510,2,30,2018-08-11 12:19:23,2020-12-10 10:24:00
256,SJ_00256,나성동_국립박물관앞,Y,세종,나성동,세종특별자치시 나성동 246-1,127.266194,36.485519,1,30,2018-08-11 12:20:30,2020-12-10 10:24:00
257,SJ_00257,나성동_나릿재202동건너편,Y,세종,나성동,세종특별자치시 나성동 696-4,127.265278,36.486225,1,35,2018-08-11 12:21:03,2021-05-20 19:44:41
258,SJ_00258,나성동_나릿재202동앞,Y,세종,나성동,세종특별자치시 나성동 684-11,127.265018,36.487162,1,15,2018-08-11 12:21:53,2021-06-10 16:58:41
261,SJ_00261,어진동_지방자치회관건너편,Y,세종,어진동,세종특별자치시 어진동 671,127.262704,36.495181,1,40,2018-08-11 12:24:48,2022-03-15 13:19:25
262,SJ_00262,소담동_새샘803동앞BRT1,Y,세종,소담동,세종특별자치시 소담동 332-4,127.301409,36.487204,3,30,2018-08-11 12:27:43,2022-02-10 07:51:06
263,SJ_00263,소담동_새샘803동건너편BRT2,Y,세종,소담동,세종특별자치시 소담동 332-4,127.302012,36.487034,3,30,2018-08-11 12:32:20,2021-08-11 12:46:01
264,SJ_00264,소담동_새샘803동건너편BRT3,Y,세종,소담동,세종특별자치시 소담동 119,127.302129,36.487293,3,30,2018-08-11 12:33:30,2021-08-11 12:46:15
265,SJ_00265,반곡동_국토연구원앞,Y,세종,반곡동,세종특별자치시 반곡동 771-124,127.300010,36.491935,3,30,2018-08-11 12:38:43,2020-12-10 10:24:00
266,SJ_00266,반곡동_국책연구단지뒤1,Y,세종,반곡동,세종특별자치시 반곡동 산56,127.304452,36.492532,3,30,2018-08-11 12:45:46,2020-12-10 10:24:00
267,SJ_00267,반곡동_국책연구단지뒤2,Y,세종,반곡동,세종특별자치시 반곡동 771-84,127.304180,36.492171,3,30,2018-08-11 12:47:29,2021-06-09 17:01:03
268,SJ_00268,소담동_국책연구단지남측1,Y,세종,소담동,세종특별자치시 소담동,127.304154,36.491211,3,30,2018-08-11 12:56:39,2020-12-10 10:24:00
269,SJ_00269,반곡동_국책연구단지남측2,Y,세종,반곡동,세종특별자치시 반곡동 771-62,127.303937,36.490897,3,30,2018-08-11 12:58:53,2020-12-10 10:24:00
270,SJ_00270,나성동_한국정책방송원건너편,Y,세종,나성동,세종특별자치시 나성동 787,127.262000,36.483099,2,30,2018-08-11 13:27:34,2020-12-10 10:24:00
271,SJ_00271,나성동_한국정책방송원동문건너편,Y,세종,나성동,세종특별자치시 나성동 465,127.262280,36.484577,2,30,2018-08-11 13:30:37,2020-12-10 10:24:00
272,SJ_00272,나성동_메가타워1건너편,Y,세종,나성동,세종특별자치시 나성동 804,127.258088,36.489306,2,25,2018-08-11 13:35:20,2021-10-23 16:46:10
273,SJ_00273,나성동_현대자동차 앞,Y,세종,나성동,세종특별자치시 나성동 761,127.256961,36.490977,2,30,2018-08-11 13:38:44,2020-07-13 13:58:46
274,SJ_00274,나성동_J빌딩건너편,Y,세종,나성동,세종특별자치시 나성동 801,127.258282,36.491393,2,35,2018-08-11 13:43:21,2022-05-22 09:40:52
275,SJ_00275,어진동_세종파이낸스3차앞,Y,세종,어진동,세종특별자치시 어진동 666,127.259943,36.497628,1,30,2018-08-11 13:48:11,2020-12-10 10:24:00
276,SJ_00276,어진동_세종파이낸스3차 건너편,Y,세종,어진동,세종특별자치시 어진동 747,127.260151,36.497901,1,30,2018-08-11 13:48:53,2020-12-10 10:24:00
277,SJ_00277,어진동_엘큐브리빙앞,Y,세종,어진동,세종특별자치시 어진동 669,127.262751,36.496759,1,35,2018-08-11 13:54:49,2020-12-10 10:24:00
278,SJ_00278,어진동_푸르지오시티앞,Y,세종,어진동,세종특별자치시 어진동 748,127.263471,36.495997,1,40,2018-08-11 13:58:53,2020-12-10 10:24:00
279,SJ_00279,어진동_세종세무서 건너편,Y,세종,어진동,세종특별자치시 어진동 747,127.265634,36.496111,1,20,2018-08-11 14:23:13,2021-10-20 09:12:34
280,SJ_00280,보람동_세종시청 동편,Y,세종,보람동,세종특별자치시 보람동 718,127.289957,36.480167,3,40,2019-10-18 15:35:49,2021-07-07 09:52:26
281,SJ_00281,어진동_문화체육관광부,Y,세종,어진동,세종특별자치시 어진동 650,127.265345,36.498407,1,40,2018-08-11 14:35:29,2020-12-10 10:24:00
282,SJ_00282,어진동_교육부,Y,세종,어진동,세종특별자치시 어진동 579,127.264713,36.499512,1,35,2018-08-11 14:45:26,2020-12-10 10:24:00
283,SJ_00283,어진동_보건복지부,Y,세종,어진동,세종특별자치시 어진동 721,127.262309,36.501980,1,40,2018-08-11 14:51:35,2020-12-10 10:24:00
286,SJ_00286,어진동_제3주차장옆건너편,Y,세종,어진동,세종특별자치시 어진동 629,127.265997,36.501462,1,30,2018-08-11 15:02:28,2020-12-10 10:24:00
287,SJ_00287,어진동_국토교통부,Y,세종,어진동,세종특별자치시 어진동 560,127.263429,36.506202,1,40,2018-08-11 15:09:30,2020-12-10 10:24:00
288,SJ_00288,어진동_공정거래위원회,Y,세종,어진동,세종특별자치시 어진동 713,127.267443,36.504548,1,31,2018-08-11 15:13:50,2021-06-17 19:12:41
289,SJ_00289,어진동_세종대성고등학교,Y,세종,어진동,세종특별자치시 어진동 680,127.255838,36.497316,1,35,2018-08-11 15:38:07,2022-05-05 10:36:18
290,SJ_00290,어진동_홈플러스건너편,Y,세종,도담동,세종특별자치시 도담동 843,127.258432,36.508184,1,30,2018-08-11 15:46:31,2021-06-30 17:43:36
291,SJ_00291,도담동_늘봄초등학교,Y,세종,도담동,세종특별자치시 도담동 688,127.255454,36.513898,1,40,2018-08-11 15:54:32,2020-12-10 10:24:00
292,SJ_00292,도담동_도램2004동건너편,Y,세종,연기면,세종특별자치시 연기면 세종리 산407,127.264262,36.519649,1,30,2018-08-11 16:36:38,2020-12-10 17:46:17
293,SJ_00293,연기면_원수산MTB공원,Y,세종,연기면,세종특별자치시 연기면 세종리 659-30,127.267301,36.522272,1,30,2018-08-11 16:41:23,2020-12-10 10:24:00
294,SJ_00294,도담동_도램1901동앞,Y,세종,도담동,세종특별자치시 도담동 638,127.266065,36.515344,1,30,2018-08-11 16:59:28,2020-12-10 10:24:00
295,SJ_00295,어진동_한뜰302동앞,Y,세종,어진동,세종특별자치시 어진동 710,127.273492,36.505807,1,35,2018-08-11 17:25:52,2020-12-10 10:24:00
296,SJ_00296,어진동_세종소방서옆,Y,세종,어진동,세종특별자치시 어진동 710,127.274290,36.505758,1,30,2018-08-11 17:27:59,2020-12-10 10:24:00
297,SJ_00297,반곡동_국책연구단지,Y,세종,반곡동,세종특별자치시 반곡동 735,127.304042,36.496106,3,35,2018-08-11 17:35:45,2020-12-10 10:24:00
298,SJ_00298,새롬동_새뜸101동옆,Y,세종,새롬동,세종특별자치시 새롬동 산83,127.250021,36.482426,2,30,2018-08-12 10:55:17,2020-12-10 10:24:00
299,SJ_00299,나성동_스타벅스행복타워BRT,Y,세종,나성동,세종특별자치시 나성동 726,127.262081,36.480312,2,30,2018-08-12 10:57:56,2020-12-10 10:24:00
300,SJ_00300,나성동_스타벅스행복타워건너편BRT,Y,세종,나성동,세종특별자치시 나성동 538-10,127.262678,36.480336,2,30,2018-08-12 10:58:53,2020-12-10 10:24:00
301,SJ_00301,나성동_한솔동환승주차장A BRT,Y,세종,나성동,세종특별자치시 나성동 726,127.261558,36.481014,2,30,2018-08-12 11:04:53,2020-12-10 10:24:00
302,SJ_00302,나성동_한솔동환승주차장B BRT,Y,세종,나성동,세종특별자치시 나성동 778,127.261860,36.481461,2,30,2018-08-12 11:05:54,2020-12-10 10:24:00
303,SJ_00303,새롬동_새뜸901동 건너편,Y,세종,새롬동,세종특별자치시 새롬동 산75,127.255669,36.485127,2,40,2018-08-12 11:10:25,2020-12-10 10:24:00
304,SJ_00304,나성동_에스제이타워앞BRT,Y,세종,나성동,세종특별자치시 나성동 726,127.257635,36.486579,2,30,2018-08-12 11:13:35,2020-12-10 10:24:00
305,SJ_00305,새롬동_새뜸901동옆,Y,세종,새롬동,세종특별자치시 새롬동 341-82,127.255562,36.484743,2,40,2018-08-12 11:13:52,2020-12-10 10:24:00
306,SJ_00306,새롬동_새뜸803동사이,Y,세종,새롬동,세종특별자치시 새롬동 산75,127.254928,36.484807,2,30,2018-08-12 11:16:50,2020-12-10 10:24:00
307,SJ_00307,새롬동_새뜸803동 건너편,Y,세종,새롬동,세종특별자치시 새롬동 산75,127.254970,36.484967,2,30,2018-08-12 11:18:15,2020-12-10 10:24:00
308,SJ_00308,나성동_에스빌딩공원,Y,세종,나성동,세종특별자치시 나성동 744,127.256992,36.487081,2,30,2018-08-12 11:19:05,2020-12-10 10:24:00
309,SJ_00309,새롬동_새뜸1203동옆,Y,세종,새롬동,세종특별자치시 새롬동 74-24,127.256726,36.484572,2,30,2018-08-12 11:23:46,2020-12-10 10:24:00
310,SJ_00310,나성동_명동프라자앞BRT,Y,세종,나성동,세종특별자치시 나성동 743,127.256948,36.487992,2,30,2018-08-12 11:25:21,2020-12-10 10:24:00
311,SJ_00311,새롬동_성요한성당옆,Y,세종,새롬동,세종특별자치시 새롬동 산8,127.255243,36.486866,2,30,2018-08-12 11:47:02,2020-12-10 10:24:00
312,SJ_00312,새롬동_새뜸1401동앞,Y,세종,새롬동,세종특별자치시 새롬동 137,127.255413,36.489045,2,40,2018-08-12 11:51:06,2021-12-29 17:06:07
313,SJ_00313,나성동_새뜸1404동앞,Y,세종,나성동,세종특별자치시 나성동 735,127.255995,36.490854,2,30,2018-08-12 11:53:39,2020-12-10 10:24:00
314,SJ_00314,새롬동_새뜸1108동앞,Y,세종,새롬동,세종특별자치시 새롬동 산3,127.253609,36.488251,2,30,2018-08-12 11:55:38,2020-12-10 10:24:00
315,SJ_00315,새롬동_새뜸1108동옆,Y,세종,새롬동,세종특별자치시 새롬동 산9,127.253168,36.488107,2,30,2018-08-12 11:58:18,2020-12-10 10:24:00
316,SJ_00316,나성동_세종대성고등학교BRT1,Y,세종,나성동,세종특별자치시 나성동 726,127.256149,36.493570,2,30,2018-08-12 12:02:01,2022-02-21 12:29:08
317,SJ_00317,새롬동_새뜸1004 건너편,Y,세종,새롬동,세종특별자치시 새롬동 산18,127.252734,36.487647,2,30,2018-08-12 12:02:15,2020-12-10 10:24:00
318,SJ_00318,나성동_세종대성고등학교BRT2,Y,세종,나성동,세종특별자치시 나성동 726,127.256158,36.494057,2,30,2018-08-12 12:03:31,2022-02-21 12:29:48
319,SJ_00319,새롬동_무지개타워앞,Y,세종,새롬동,세종특별자치시 새롬동 341-73,127.251225,36.484847,2,30,2018-08-12 12:06:11,2020-12-10 10:24:00
320,SJ_00320,어진동_행정안전부 별관,Y,세종,어진동,세종특별자치시 어진동 494,127.259364,36.500987,2,40,2018-08-12 12:09:16,2020-12-10 10:24:00
321,SJ_00321,어진동_고용노동부건너편BRT,Y,세종,어진동,세종특별자치시 어진동 536,127.259677,36.501739,2,35,2018-08-12 12:11:02,2021-07-12 18:59:58
322,SJ_00322,어진동_청사시외버스정류장건너편BRT1,Y,세종,어진동,세종특별자치시 어진동 535,127.260769,36.503985,2,30,2018-08-12 12:13:40,2020-12-10 10:24:00
323,SJ_00323,어진동_청사시외버스정류장건너편BRT2,Y,세종,어진동,세종특별자치시 어진동 534,127.260933,36.504349,2,30,2018-08-12 12:15:45,2020-12-10 10:24:00
324,SJ_00324,어진동_건설청건너편BRT1,Y,세종,어진동,세종특별자치시 어진동 533,127.261263,36.505084,2,30,2018-08-12 12:17:30,2020-12-10 10:24:00
325,SJ_00325,어진동_건설청건너편BRT2,Y,세종,어진동,세종특별자치시 어진동 533,127.261377,36.505350,2,30,2018-08-12 12:19:03,2020-12-10 10:24:00
326,SJ_00326,어진동_인사혁신처앞BRT,Y,세종,어진동,세종특별자치시 어진동 532-1,127.261554,36.507543,2,30,2018-08-12 12:21:13,2020-12-10 10:24:00
327,SJ_00327,도담동_도램803동앞BRT,Y,세종,도담동,세종특별자치시 도담동 848,127.259691,36.511538,1,30,2018-08-12 12:26:29,2020-12-10 10:24:00
328,SJ_00328,새롬동_크리스마스빌딩앞,Y,세종,새롬동,세종특별자치시 새롬동 341-76,127.252138,36.484322,2,30,2018-08-12 12:30:30,2020-12-10 10:24:00
329,SJ_00329,도담동_한신휴시티우측,Y,세종,도담동,세종특별자치시 도담동 662,127.258871,36.514066,1,35,2018-08-12 12:31:45,2022-03-18 10:32:05
330,SJ_00330,도담동_도램상가앞BRT2,Y,세종,도담동,세종특별자치시 도담동 660,127.258780,36.514595,1,30,2018-08-12 12:33:21,2020-12-10 10:24:00
331,SJ_00331,새롬동_새롬고북측,Y,세종,새롬동,세종특별자치시 새롬동 산31,127.248985,36.486916,2,30,2018-08-12 12:42:29,2020-12-10 10:24:00
332,SJ_00332,다정동_가온214동,Y,세종,다정동,세종특별자치시 다정동 산33-2,127.240966,36.493701,2,30,2018-08-12 13:09:41,2020-12-10 10:24:00
333,SJ_00333,다정동_가온210동앞 공원,Y,세종,다정동,세종특별자치시 다정동 342,127.242918,36.494065,2,30,2018-08-12 13:11:41,2021-08-04 12:09:19
334,SJ_00334,다정동_별찌뜰근린공원,Y,세종,다정동,세종특별자치시 다정동 385-1,127.239875,36.499373,2,30,2018-08-12 14:01:37,2020-12-10 10:24:00
335,SJ_00335,도담동_도램1002동앞BRT,Y,세종,도담동,세종특별자치시 도담동 402,127.260075,36.511757,1,30,2018-08-12 14:09:49,2020-12-10 10:24:00
336,SJ_00336,어진동_건설청앞BRT,Y,세종,어진동,세종특별자치시 어진동 560,127.261902,36.505376,1,30,2018-08-12 14:19:12,2020-12-10 10:24:00
337,SJ_00337,다정동_가온901옆,Y,세종,다정동,세종특별자치시 다정동 14-1,127.251968,36.495781,2,30,2018-08-12 14:24:11,2020-12-10 10:24:00
338,SJ_00338,어진동_정부세종청사안내동앞BRT,Y,세종,어진동,세종특별자치시 어진동 494,127.261713,36.504864,1,30,2018-08-12 14:20:47,2020-12-10 10:24:00
339,SJ_00339,어진동_정부세종청사버스터미널BRT1,Y,세종,어진동,세종특별자치시 어진동 561-1,127.261445,36.504057,1,30,2018-08-12 14:24:10,2020-12-10 10:24:00
340,SJ_00340,어진동_정부세종청사버스터미널BRT2,Y,세종,어진동,세종특별자치시 어진동 562,127.261286,36.503896,1,30,2018-08-12 14:25:29,2020-12-10 10:24:00
341,SJ_00341,어진동_산자부앞BRT,Y,세종,어진동,세종특별자치시 어진동 494,127.259844,36.500817,1,30,2018-08-12 14:31:02,2020-12-10 10:24:00
342,SJ_00342,나성동_도시통합정보센터앞BRT1,Y,세종,나성동,세종특별자치시 나성동 726,127.256616,36.494054,1,30,2018-08-12 14:39:04,2020-12-10 10:24:00
343,SJ_00343,나성동_도시통합정보센터앞BRT2,Y,세종,나성동,세종특별자치시 나성동 726,127.256564,36.493558,1,30,2018-08-12 14:40:26,2020-12-10 10:24:00
344,SJ_00344,다정동_가온803동남측,Y,세종,다정동,세종특별자치시 다정동 17,127.249746,36.494938,2,30,2018-08-12 14:41:15,2020-12-10 10:24:00
345,SJ_00345,다정동_가온806동 새움초등학교 사이,Y,세종,다정동,세종특별자치시 다정동 363-119,127.251881,36.494407,2,15,2018-08-12 14:43:53,2021-12-27 18:54:58
346,SJ_00346,다정동_가온1210동앞 공원,Y,세종,다정동,세종특별자치시 다정동 363-139,127.252272,36.494374,2,30,2018-08-12 14:46:00,2020-12-10 10:24:00
347,SJ_00347,나성동_엘지베스트샵,Y,세종,나성동,세종특별자치시 나성동 760,127.256943,36.491374,2,30,2018-08-12 14:51:07,2020-12-10 10:24:00
348,SJ_00348,다정동_가온707동,Y,세종,다정동,세종특별자치시 다정동 363-37,127.251984,36.490853,2,30,2018-08-12 14:56:55,2021-08-04 09:07:11
349,SJ_00349,다정동_새뜸1010옆,Y,세종,다정동,세종특별자치시 다정동 363-409,127.252334,36.490511,2,30,2018-08-12 15:03:12,2020-12-10 10:24:00
350,SJ_00350,나성동_명동프라자건너편BRT,Y,세종,나성동,세종특별자치시 나성동 726,127.257360,36.488186,2,30,2018-08-12 15:03:39,2020-12-10 10:24:00
351,SJ_00351,종촌동_가재1101동앞,Y,세종,종촌동,세종특별자치시 종촌동 654,127.251715,36.504355,1,45,2018-08-12 15:05:59,2021-05-24 09:45:38
352,SJ_00352,나성동_명동프라자건너편BRT,Y,세종,나성동,세종특별자치시 나성동 726,127.257568,36.487754,2,30,2018-08-12 15:06:14,2020-12-10 10:24:00
353,SJ_00353,나성동_에스빌딩건너편BRT,Y,세종,나성동,세종특별자치시 나성동 377-2,127.257860,36.487143,2,30,2018-08-12 15:10:06,2020-12-10 10:24:00
354,SJ_00354,나성동_에스제이타워건너편BRT,Y,세종,나성동,세종특별자치시 나성동 726,127.258087,36.486723,2,30,2018-08-12 15:11:51,2020-12-10 10:24:00
355,SJ_00355,종촌동_복합커뮤니티센터,Y,세종,종촌동,세종특별자치시 종촌동 677,127.247303,36.504762,1,40,2018-08-12 15:14:47,2020-12-10 10:24:00
356,SJ_00356,나성동_국세청앞BRT,Y,세종,나성동,세종특별자치시 나성동 726,127.259548,36.484589,2,30,2018-08-12 15:15:04,2022-02-16 13:27:32
357,SJ_00357,나성동_소방청BRT1,Y,세종,나성동,세종특별자치시 나성동 772,127.260630,36.483176,2,30,2018-08-12 15:17:23,2021-12-27 18:12:26
358,SJ_00358,나성동_소방청 BRT2,Y,세종,나성동,세종특별자치시 나성동 772,127.260765,36.482946,2,30,2018-08-12 15:19:02,2021-12-27 18:13:18
359,SJ_00359,나성동_한솔동환승주차장남측B,Y,세종,나성동,세종특별자치시 나성동 778,127.262017,36.481211,2,30,2018-08-12 15:22:41,2020-12-10 10:24:00
360,SJ_00360,종촌동_가재403동앞,Y,세종,종촌동,세종특별자치시 종촌동 640,127.244231,36.505287,1,20,2018-08-12 15:24:05,2020-12-10 10:24:00
361,SJ_00361,나성동_금강프라자건너편BRT,Y,세종,나성동,세종특별자치시 나성동 143-1,127.262975,36.479914,2,30,2018-08-12 15:25:38,2020-12-10 10:24:00
362,SJ_00362,나성동_LH분양홍보관(남쪽),Y,세종,나성동,세종특별자치시 나성동 706,127.268290,36.480811,2,30,2018-08-12 15:31:19,2020-12-10 10:24:00
363,SJ_00363,종촌동_가재302동앞,Y,세종,종촌동,세종특별자치시 종촌동 680,127.241438,36.504368,1,30,2018-08-12 15:33:20,2020-12-10 10:24:00
364,SJ_00364,나성동_나성동갈매로,Y,세종,나성동,세종특별자치시 나성동 213-2,127.266287,36.484868,2,30,2018-08-12 15:36:17,2020-12-10 10:24:00
365,SJ_00365,나성동_나릿재307동앞,N,세종,나성동,세종특별자치시 나성동 305-1,127.263175,36.489469,2,30,2018-08-12 15:40:09,2021-02-19 09:51:16
366,SJ_00366,나성동_갈매로,N,세종,나성동,세종특별자치시 나성동 353,127.262638,36.491111,2,10,2018-08-12 15:42:42,2021-12-27 17:36:32
367,SJ_00367,아름동_범지기408동건너편,Y,세종,아름동,세종특별자치시 아름동 1458,127.250018,36.508518,1,35,2018-08-12 15:43:04,2022-07-19 13:11:53
368,SJ_00368,어진동_푸르지오시티1차1,Y,세종,어진동,세종특별자치시 어진동 750,127.263408,36.495654,1,30,2018-08-12 15:48:38,2022-06-24 08:00:20
369,SJ_00369,어진동_푸르지오시티1차2,Y,세종,어진동,세종특별자치시 어진동 750,127.263804,36.495494,1,15,2018-08-12 15:49:49,2020-12-10 10:24:00
370,SJ_00370,아름동_범지기1108동앞,Y,세종,아름동,세종특별자치시 아름동 1363,127.250539,36.511454,1,35,2018-08-12 15:53:57,2020-12-10 10:24:00
371,SJ_00371,도담동_범지기1208동앞,Y,세종,도담동,세종특별자치시 도담동 929,127.253183,36.511586,1,30,2018-08-12 15:59:00,2020-12-10 10:24:00
372,SJ_00372,어진동_호수공원방울새공원건너편,Y,세종,연기면,세종특별자치시 연기면 세종리 1201,127.269628,36.496308,1,30,2018-08-12 16:00:59,2020-12-10 10:24:00
373,SJ_00373,아름동_범지기1203동앞,Y,세종,아름동,세종특별자치시 아름동 1276,127.250465,36.512819,1,20,2018-08-12 16:08:30,2021-11-29 08:53:15
375,SJ_00375,어진동_호수공원소나무숲길,Y,세종,어진동,세종특별자치시 어진동 619,127.269763,36.499854,1,50,2018-08-12 16:14:11,2020-12-10 10:24:00
376,SJ_00376,아름동_범지기806동앞,Y,세종,아름동,세종특별자치시 아름동 1458,127.250704,36.514970,1,30,2018-08-12 16:14:38,2020-12-10 10:24:00
377,SJ_00377,어진동_대통령기록관건너편1,Y,세종,어진동,세종특별자치시 어진동 620,127.272031,36.501221,1,35,2018-08-12 16:15:18,2020-12-10 10:24:00
378,SJ_00378,어진동_대통령기록관건너편2,Y,세종,어진동,세종특별자치시 어진동 734,127.272229,36.501324,1,30,2018-08-12 16:16:37,2020-12-10 10:24:00
379,SJ_00379,어진동_대통령기록관건너편3,Y,세종,어진동,세종특별자치시 어진동 734,127.272159,36.501506,1,30,2018-08-12 16:17:28,2020-12-10 10:24:00
380,SJ_00380,연기면_호수공원중앙수목원로,Y,세종,연기면,세종특별자치시 연기면 세종리 1201,127.276958,36.502240,1,30,2018-08-12 16:21:06,2020-12-10 10:24:00
381,SJ_00381,어진동_홈플러스건너편스포츠센터옆,Y,세종,어진동,세종특별자치시 어진동 688,127.257419,36.507592,1,30,2018-08-12 18:22:51,2020-12-10 10:24:00
382,SJ_00382,다정동_당암육교건너편,Y,세종,다정동,세종특별자치시 다정동 565,127.232544,36.499407,1,30,2018-09-07 14:26:34,2020-12-10 10:24:00
384,SJ_00384,대평동_코스트코입구건너편,Y,세종,대평동,세종특별자치시 대평동 584-11,127.268355,36.468184,3,30,2019-01-07 14:28:58,2022-06-14 07:52:27
385,SJ_00385,나성동_국세청앞 BRT,Y,세종,나성동,세종특별자치시 나성동 770,127.259421,36.484841,2,25,2019-01-30 13:59:39,2021-10-05 10:21:58
386,SJ_00386,나성동_국세청앞,Y,세종,나성동,세종특별자치시 나성동 770,127.259200,36.485165,2,30,2019-01-30 14:02:41,2021-09-15 08:21:29
387,SJ_00387,나성동_세종SJ타워앞,Y,세종,나성동,세종특별자치시 나성동 746,127.257664,36.486458,2,20,2019-01-30 14:05:46,2020-12-10 10:24:00
388,SJ_00388,나성동_에스빌딩앞,Y,세종,나성동,세종특별자치시 나성동 745,127.257465,36.486861,2,20,2019-01-30 14:07:26,2020-12-10 10:24:00
389,SJ_00389,나성동_BRT앞,Y,세종,나성동,세종특별자치시 나성동 744,127.257111,36.487465,2,20,2019-01-30 14:09:47,2020-12-10 10:24:00
390,SJ_00390,나성동_행복의아침 빌딩,Y,세종,나성동,세종특별자치시 나성동 726,127.256734,36.490240,2,40,2019-01-30 14:13:31,2020-12-10 10:24:00
391,SJ_00391,어진동_세종뱅크빌딩,Y,세종,어진동,세종특별자치시 어진동 495,127.256886,36.495246,2,35,2019-01-30 14:16:45,2021-11-16 08:59:41
392,SJ_00392,어진동_세종뱅크빌딩2,Y,세종,어진동,세종특별자치시 어진동 686,127.257046,36.495686,2,35,2019-01-30 14:18:19,2021-11-16 09:00:05
393,SJ_00393,나성동_다정교,Y,세종,나성동,세종특별자치시 나성동 726,127.256346,36.494621,2,30,2019-01-30 14:20:04,2020-12-10 10:24:00
394,SJ_00394,어진동_세종뱅크빌딩 건너편,Y,세종,어진동,세종특별자치시 어진동 681,127.256610,36.496023,1,30,2019-01-30 14:21:29,2021-11-16 09:00:48
395,SJ_00395,도담동_도램1107동앞,Y,세종,도담동,세종특별자치시 도담동 653,127.259576,36.513555,1,32,2019-01-30 14:27:01,2022-08-21 09:38:18
396,SJ_00396,종촌동_호만빌딩앞,Y,세종,종촌동,세종특별자치시 종촌동 658,127.249799,36.504512,1,30,2019-01-30 14:43:10,2020-12-10 10:24:00
397,SJ_00397,종촌동_공영주차장,Y,세종,종촌동,세종특별자치시 종촌동 664,127.249936,36.503709,1,25,2019-01-30 14:44:25,2021-02-08 08:04:47
398,SJ_00398,종촌동_리버사이드빌딩앞,Y,세종,종촌동,세종특별자치시 종촌동 701,127.250160,36.502959,1,25,2019-01-30 14:45:44,2021-06-10 09:01:30
399,SJ_00399,종촌동_가재 호반201동입구,Y,세종,종촌동,세종특별자치시 종촌동 683,127.244891,36.503130,1,30,2019-01-30 14:49:08,2020-12-10 10:24:00
400,SJ_00400,어진동_푸르지오시티2차,Y,세종,어진동,세종특별자치시 어진동 747,127.266949,36.494919,1,50,2019-07-09 17:13:16,2021-05-05 12:03:27
401,SJ_00401,새롬동_세움빌딩후면,Y,세종,새롬동,세종특별자치시 새롬동 산75,127.250585,36.484933,2,20,2019-01-30 15:17:34,2020-12-10 10:24:00
402,SJ_00402,새롬동_새롬빌딩,Y,세종,새롬동,세종특별자치시 새롬동 산 26,127.250099,36.485967,1,40,2019-01-30 15:21:56,2020-12-10 10:24:00
403,SJ_00403,아름동_해피라움3 앞,Y,세종,아름동,세종특별자치시 아름동 1359,127.248629,36.511553,1,25,2019-01-30 15:23:54,2022-01-04 09:46:07
404,SJ_00404,새롬동_새뜸 508동앞,Y,세종,새롬동,세종특별자치시 새롬동 617,127.252771,36.483513,2,25,2019-01-30 15:26:59,2021-10-06 20:20:58
405,SJ_00405,고운동_당암육교,Y,세종,고운동,세종특별자치시 고운동 739-307,127.231915,36.499820,1,30,2019-01-30 15:40:12,2020-12-10 10:24:00
406,SJ_00406,대평동_해들4단지 입구,Y,세종,대평동,세종특별자치시 대평동 90-1,127.280742,36.471162,3,25,2019-01-30 15:50:49,2020-12-10 10:24:00
407,SJ_00407,대평동_해들 408동 앞,Y,세종,대평동,세종특별자치시 대평동 704-1,127.283881,36.472979,3,30,2019-01-30 15:56:06,2021-10-15 14:50:38
408,SJ_00408,나성동_르네상스빌딩 앞,Y,세종,나성동,세종특별자치시 나성동 768,127.258866,36.485572,2,20,2019-01-30 17:54:12,2020-12-10 10:24:00
409,SJ_409,대평동_복합커뮤티센터,Y,세종,대평동,세종특별자치시 대평동 90-1,127.279640,36.470920,3,40,2019-04-17 16:37:41,2021-09-30 15:27:56
410,SJ_00410,대평동_해들601동 앞,Y,세종,대평동,세종특별자치시 대평동 668,127.276504,36.474518,3,30,2022-03-08 20:07:59,2022-03-08 20:13:38
411,SJ_00411,대평동_해들609동 앞,Y,세종,대평동,세종특별자치시 대평동 668,127.277269,36.473942,3,30,2021-11-03 09:55:09,2022-03-15 14:55:03
412,SJ_412,소담동_복합커뮤니티센터,Y,세종,소담동,세종특별자치시 소담동 9-174,127.300812,36.483993,3,30,2019-04-30 13:25:51,2020-12-10 17:48:00
413,SJ_413,어진동_어진교차로,Y,세종,어진동,세종특별자치시 어진동 588,127.259272,36.498197,1,30,2019-04-30 13:27:51,2020-12-10 10:24:00
414,SJ_00414,종촌동_가재701동앞,Y,세종,종촌동,세종특별자치시 종촌동 649-2,127.249233,36.505187,1,30,2019-05-02 13:31:58,2020-12-10 10:24:00
415,SJ_00415,연기면_세종호수공원 제1주차장,Y,세종,연기면 세종리,세종특별자치시 연기면 세종리 1201,127.269667,36.492533,1,20,2019-05-02 17:09:45,2021-09-12 09:51:23
416,SJ_00416,반곡동_수루배  BRT 1,Y,세종,반곡동,세종특별자치시 반곡동 41-10,127.310530,36.497748,4,30,2019-05-08 15:20:53,2021-07-28 07:34:43
417,SJ_00417,반곡동_수루배  BRT 2,Y,세종,반곡동,세종특별자치시 반곡동 42-1,127.310543,36.497302,4,40,2019-05-08 15:23:02,2020-12-10 10:24:00
418,SJ_00418,보람동_세종우체국 옆,Y,세종,보람동,세종특별자치시 보람동 625-7,127.291021,36.479857,3,40,2019-05-13 13:21:16,2020-12-10 10:24:00
419,SJ_00419,보람동_광역복지센터 옆,Y,세종,보람동,세종특별자치시 보람동 630-1,127.291207,36.479361,3,40,2019-05-13 13:24:05,2020-12-10 10:24:00
420,SJ_00420,가람동_세종이마트앞,Y,세종,가람동,세종특별자치시 가람동 65,127.251684,36.470509,2,45,2019-05-29 14:13:20,2021-04-17 17:10:40
421,SJ_00421,다정동_새움중학교,Y,세종,다정동,세종특별자치시 다정동 363-261,127.247528,36.490402,2,30,2019-05-29 16:00:35,2022-04-15 16:25:12
422,SJ_00422,다정동_가온415동 옆,Y,세종,다정동,세종특별자치시 다정동 363-250,127.249509,36.491229,2,30,2019-05-30 14:49:32,2021-09-09 18:21:42
423,SJ_00423,다정동_가온403동 앞,Y,세종,다정동,세종특별자치시 다정동 363-195,127.248994,36.493333,2,30,2019-05-29 16:07:49,2020-12-10 10:24:00
424,SJ_00424,반곡동_수루배 323동앞,Y,세종,반곡동,세종특별자치시 반곡동 41-7,127.309493,36.498208,4,30,2019-06-11 09:42:22,2020-12-10 10:24:00
425,SJ_00425,조치원_고용노동부,Y,세종,조치원읍 상리,세종특별자치시 조치원읍 상리 96,127.303453,36.601647,0,30,2019-07-29 09:23:43,2020-12-10 10:24:00
426,SJ_00426,조치원_삼일아파트,Y,세종,조치원읍 죽림리,세종특별자치시 조치원읍 죽림리 21-5,127.297280,36.594918,0,30,2019-07-29 09:25:53,2020-12-10 10:24:00
427,SJ_00427,조치원_신흥리_조치원중학교 앞,Y,세종,조치원읍 신흥리,세종특별자치시 조치원읍 신흥리 229,127.286650,36.594851,0,30,2019-07-29 09:27:42,2022-05-31 14:30:49
428,SJ_00428,조치원_욱일아파트,Y,세종,조치원읍 침산리,세종특별자치시 조치원읍 침산리 34-5,127.289963,36.602844,0,30,2019-07-29 09:29:02,2020-12-10 10:24:00
429,SJ_00429,조치원_조치원역 서편,Y,세종,조치원읍 원리,세종특별자치시 조치원읍 원리 151-5,127.294963,36.602172,0,30,2019-07-29 09:31:07,2020-12-10 10:24:00
430,SJ_00430,조치원_세종서창행복주택,Y,세종,조치원읍 서창리,세종특별자치시 조치원읍 서창리 92-5,127.296809,36.610198,0,30,2019-07-29 09:33:05,2020-12-10 10:24:00
431,SJ_00431,조치원_홍익대학교 정문,Y,세종,조치원읍 신안리,세종특별자치시 조치원읍 신안리 314-1,127.290559,36.621048,0,30,2019-07-29 09:34:22,2020-12-10 10:24:00
432,SJ_00432,조치원_중앙요양병원,Y,세종,조치원읍 신안리,세종특별자치시 조치원읍 신안리 487,127.288727,36.614142,0,30,2019-07-29 09:35:59,2020-12-10 10:24:00
433,SJ_00433,고운동_가락 908동,Y,세종,고운동,세종특별자치시 고운동 1408,127.229371,36.512102,1,30,2019-07-29 11:25:22,2020-12-10 10:24:00
434,SJ_00434,새롬동_에스월드빌딩,Y,세종,새롬동,세종특별자치시 새롬동 산 21,127.250358,36.485350,2,10,2019-07-29 11:27:08,2020-12-10 10:24:00
435,SJ_00435,새롬동_새뜸 418동,Y,세종,새롬동,세종특별자치시 새롬동 283-3,127.245599,36.489613,2,30,2019-07-29 11:28:35,2020-12-10 10:24:00
436,SJ_00436,고운동_가락 111동,Y,세종,고운동,세종특별자치시 고운동 1729,127.234777,36.504293,1,30,2019-07-29 11:30:12,2020-12-10 10:24:00
437,SJ_00437,어진동_정부세종청사버스터미널BRT3,Y,세종,어진동,세종특별자치시 어진동 561-1,127.261514,36.504309,1,30,2019-07-29 11:31:41,2020-12-10 10:24:00
438,SJ_00438,반곡동_수루배619동,Y,세종,반곡동,세종특별자치시 반곡동 143-1,127.317873,36.494792,4,15,2019-07-31 14:22:33,2022-07-20 12:38:45
439,SJ_00439,소담동_새샘106동,Y,세종,소담동,세종특별자치시 소담동 597,127.303835,36.481239,3,25,2019-07-31 16:40:20,2022-04-06 15:55:09
440,SJ_00440,어진동_세종파이낸스 2차 서편,Y,세종,어진동,세종특별자치시 어진동 667,127.260966,36.497021,1,60,2019-07-31 17:38:34,2020-12-10 10:24:00
441,SJ_00441,어진동_세종파이낸스 2차 동편,Y,세종,어진동,세종특별자치시 어진동 668,127.262468,36.496818,1,35,2019-07-31 17:39:25,2022-01-19 09:27:56
442,SJ_00442,조치원_고려대학교,Y,세종,조치원읍 서창리,세종특별자치시 조치원읍 서창리 50-5,127.293226,36.609976,0,30,2019-08-01 08:52:49,2020-12-10 10:24:00
443,SJ_00443,반곡동_수루배 111동앞,Y,세종,반곡동,세종특별자치시 반곡동 398,127.309124,36.497413,4,30,2019-08-16 17:25:09,2020-12-10 10:24:00
444,SJ_00444,반곡동_수루배 105동앞,Y,세종,반곡동,세종특별자치시 반곡동 401-1,127.306808,36.496003,4,40,2019-08-16 17:26:46,2020-12-10 10:24:00
445,SJ_00445,반곡동_수루배 102동,Y,세종,반곡동,세종특별자치시 반곡동 710-2,127.304615,36.496675,1,40,2019-08-16 17:31:06,2020-12-10 10:24:00
446,SJ_00446,보람동_호려울 102동 맞은 편,Y,세종,보람동,세종특별자치시 보람동 664-102,127.285131,36.475025,3,30,2019-08-20 09:49:00,2020-12-10 10:24:00
447,SJ_00447,한솔동_복합커뮤니티센터 정음관,Y,세종,한솔동,세종특별자치시 한솔동 962,127.255734,36.478032,2,30,2019-09-18 15:47:04,2022-03-08 09:21:27
448,SJ_00448,반곡동_반곡중학교앞,Y,세종,반곡동,세종특별자치시 반곡동 50-10,127.311014,36.501100,4,20,2019-09-24 10:08:41,2020-12-10 10:24:00
449,SJ_00449,반곡동_수루배 416동앞 로터리,Y,세종,반곡동,세종특별자치시 반곡동 60-4,127.315948,36.500299,4,35,2019-09-24 17:24:08,2021-12-27 19:17:02
450,SJ_00450,반곡동_수루배 401동앞,Y,세종,반곡동,세종특별자치시 반곡동 52-17,127.313487,36.498583,0,35,2019-09-24 17:28:17,2020-12-10 10:24:00
452,SJ_00452,어진동_한뜰106동 앞,Y,세종,어진동,세종특별자치시 어진동 554,127.267595,36.506868,1,30,2019-10-15 16:51:58,2021-10-19 14:45:30
453,SJ_00453,어진동_지방자치회관,Y,세종,어진동,세종특별자치시 어진동 661,127.263266,36.494596,1,20,2019-10-16 16:07:57,2020-12-10 10:24:00
454,SJ_00454,나성동_어반아트리움 거치대,Y,세종,나성동,세종특별자치시 나성동 381,127.259810,36.488291,2,15,2019-10-17 09:35:58,2020-12-10 10:24:00
455,SJ_00455,가람동_지역난방공사 앞,Y,세종,가람동,세종특별자치시 가람동 956,127.245724,36.465209,0,30,2019-10-17 16:40:04,2020-12-10 10:24:00
456,SJ_00456,보람동_세종시청 서편 주차장,Y,세종,보람동,세종특별자치시 보람동 627-2,127.287455,36.479679,3,40,2019-10-18 15:40:29,2020-12-10 10:24:00
457,SJ_00457,반곡동_수루배 303동 앞,Y,세종,반곡동,세종특별자치시 반곡동 36-7,127.307685,36.499150,4,45,2019-11-05 18:22:26,2020-12-10 10:24:00
458,SJ_00458,금남면_산학연지원센터 북측.,Y,세종,금남면 집현리,세종특별자치시 금남면 집현리 1060,127.328621,36.499711,4,60,2019-11-11 08:58:03,2021-03-03 20:08:12
459,SJ_00459,금남면_산학연지원센터 남측.,Y,세종,금남면 집현리,세종특별자치시 금남면 집현리 1008-5,127.329186,36.498940,4,60,2019-11-11 08:59:24,2020-12-10 10:24:00
460,SJ_00460,어진동_기획재정부 정문,Y,세종,어진동,세종특별자치시 어진동 712,127.265907,36.506698,1,25,2019-12-19 11:01:31,2020-12-10 10:24:00
461,SJ_00461,아름동_범지기 501동 앞,Y,세종,아름동,세종특별자치시 아름동 1346,127.245976,36.509827,1,30,2019-12-19 11:03:27,2022-04-18 12:35:21
462,SJ_00462,고운동_가락 1802동 앞,Y,세종,고운동,세종특별자치시 고운동 907,127.233067,36.520986,1,30,2019-12-19 11:05:16,2022-05-19 08:48:49
463,SJ_00463,고운동_가락 1806동 앞,Y,세종,고운동,세종특별자치시 고운동 941,127.233825,36.519781,1,20,2019-12-19 11:06:44,2020-12-10 10:24:00
464,SJ_00464,소담동_새샘 606동 앞,Y,세종,소담동,세종특별자치시 소담동 28-1,127.304708,36.484171,3,30,2019-12-19 14:27:15,2020-12-10 10:24:00
465,SJ_00465,도담동_도램 1315동 앞,Y,세종,도담동,세종특별자치시 도담동 402,127.259114,36.517504,1,25,2019-12-19 14:32:51,2020-12-10 10:24:00
466,SJ_00466,한솔동_우체국 앞,Y,세종,한솔동,세종특별자치시 한솔동 1230,127.254439,36.479888,1,20,2019-12-19 14:38:56,2020-12-10 10:24:00
467,SJ_00467,보람동_세종남부경찰서 버스정류장,Y,세종,보람동,세종특별자치시 보람동 715,127.292663,36.480504,3,35,2019-12-19 14:45:29,2022-02-09 15:28:29
468,SJ_00468,대평동_해들 518동 앞,Y,세종,대평동,세종특별자치시 대평동 567-8,127.278710,36.473434,3,40,2019-12-19 14:50:21,2020-12-10 10:24:00
469,SJ_00469,어진동_청암빌딩 앞,Y,세종,어진동,세종특별자치시 어진동 494,127.262043,36.507427,1,30,2019-12-19 14:52:07,2021-07-30 07:39:59
470,SJ_00470,조치원_고려대학교 정문,Y,세종,조치원읍 서창리,세종특별자치시 조치원읍 서창리 177-9,127.289234,36.608603,0,25,2019-12-19 14:54:26,2020-12-10 10:24:00
471,SJ_00471,새롬동_새뜸 607동 앞,Y,세종,새롬동,세종특별자치시 새롬동 354-1,127.248697,36.484697,2,20,2019-12-19 14:56:56,2020-12-10 10:24:00
472,SJ_00472,도담동_도램 601동 앞,Y,세종,도담동,세종특별자치시 도담동 851,127.260959,36.509331,1,25,2019-12-19 15:02:12,2020-12-10 10:24:00
473,SJ_00473,도담동_도램 603동 앞,Y,세종,도담동,세종특별자치시 도담동 852,127.260262,36.508541,1,15,2019-12-19 15:04:59,2021-07-21 20:01:23
474,SJ_00474,새롬동_새뜸 306동 앞,Y,세종,새롬동,세종특별자치시 새롬동 320,127.248062,36.485904,2,20,2019-12-19 15:16:04,2020-12-10 10:24:00
475,SJ_00475,새롬동_새뜸 726동앞 로터리,Y,세종,새롬동,세종특별자치시 새롬동 288-1,127.246996,36.489914,2,25,2019-12-19 15:17:59,2021-12-27 18:31:11
476,SJ_00476,새롬동_새뜸 718동 앞,Y,세종,새롬동,세종특별자치시 새롬동 산 45,127.247783,36.488171,2,35,2019-12-19 15:20:47,2022-02-14 17:36:39
477,SJ_00477,소담동_새샘 609동 앞,Y,세종,소담동,세종특별자치시 소담동 583,127.302517,36.485250,3,15,2019-12-19 15:24:40,2022-07-19 09:41:52
478,SJ_00478,새롬동_새뜸 302동 앞,Y,세종,새롬동,세종특별자치시 새롬동 329,127.247664,36.486589,2,20,2019-12-19 15:26:25,2020-12-10 10:24:00
479,SJ_00479,새롬동_새뜸 208동 앞 로터리,Y,세종,새롬동,세종특별자치시 새롬동 341-125,127.249288,36.483121,2,20,2019-12-19 15:42:07,2021-12-27 18:48:40
480,SJ_00480,보람동_세종시청 정문2,Y,세종,보람동,세종특별자치시 보람동 720,127.288709,36.478800,3,15,2021-06-24 15:41:22,2021-06-24 15:43:17
481,SJ_00481,소담동_소담동 타임빌딩 앞,Y,세종,소담동,세종특별자치시 소담동 540,127.299956,36.485073,3,25,2019-12-19 15:52:19,2021-11-15 19:31:01
482,SJ_00482,반곡동_수루배 506동 앞,Y,세종,반곡동,세종특별자치시 반곡동 47-1,127.313054,36.497527,4,25,2019-12-19 15:56:01,2020-12-10 10:24:00
483,SJ_00483,어진동_호수공원제3주차장 입구,Y,세종,어진동,세종특별자치시 어진동 630,127.267260,36.500524,1,20,2020-04-06 19:00:37,2021-08-19 17:12:56
484,SJ_00484,어진동_호수공원 제3주차장 건너편,Y,세종,어진동,세종특별자치시 어진동 738,127.267736,36.500118,1,25,2020-04-07 18:50:59,2021-03-19 19:57:03
485,SJ_00485,종촌동_중앙프라자 앞,Y,세종,종촌동,세종특별자치시 종촌동 657,127.249603,36.504880,1,15,2020-04-09 16:30:50,2021-05-04 16:07:33
486,SJ_00486,도담동_도램2007동 앞,Y,세종,도담동,세종특별자치시 도담동 633,127.264161,36.516144,1,25,2020-04-09 16:33:06,2021-03-15 09:20:58
487,SJ_00487,반곡동_수루배209동,Y,세종,반곡동,세종특별자치시 반곡동 395-2,127.310056,36.495990,1,20,2020-04-09 16:34:59,2020-12-10 10:24:00
488,SJ_00488,대평동_해들205동,Y,세종,대평동,세종특별자치시 대평동 266-26,127.276990,36.470950,3,20,2020-04-09 16:36:41,2020-12-10 10:24:00
489,SJ_00489,보람동_해들510동,Y,세종,보람동,세종특별자치시 보람동 733,127.282393,36.474437,3,15,2020-04-09 16:38:27,2022-06-09 08:38:31
490,SJ_00490,보람동_호려울308동,Y,세종,보람동,세종특별자치시 보람동 664-42,127.283190,36.477265,1,30,2020-04-09 16:40:43,2020-12-10 10:24:00
491,SJ_00491,소담동_새샘201동,Y,세종,소담동,세종특별자치시 소담동 32-14,127.300929,36.481362,1,30,2020-04-09 16:42:24,2022-01-06 07:47:48
492,SJ_00492,종촌동_가재301동,Y,세종,종촌동,세종특별자치시 종촌동 680,127.241516,36.505046,1,30,2020-04-09 16:44:43,2020-12-10 10:24:00
493,SJ_00493,어진동_엠브릿지,Y,세종,어진동,세종특별자치시 어진동 510,127.258063,36.503066,1,20,2020-04-09 16:46:14,2020-12-10 10:24:00
494,SJ_00494,연기면_세종예술고,Y,세종,연기면 세종리,세종특별자치시 연기면 세종리 548-87,127.269581,36.491393,1,20,2020-04-09 16:47:19,2020-12-10 10:24:00
495,SJ_00495,어진동_홈플러스,Y,세종,어진동,세종특별자치시 어진동 503,127.258243,36.507789,1,20,2020-04-09 16:48:44,2020-12-10 10:24:00
496,SJ_00496,아름동_범지기1013동,Y,세종,아름동,세종특별자치시 아름동 1242,127.252117,36.517449,1,20,2020-04-09 16:50:13,2020-12-10 10:24:00
497,SJ_00497,아름동_범지기308동,Y,세종,아름동,세종특별자치시 아름동 1297-1,127.245502,36.517797,1,25,2020-04-09 16:51:44,2021-03-21 10:31:32
498,SJ_00498,아름동_범지기902동,Y,세종,아름동,세종특별자치시 아름동 1282-1,127.245721,36.517323,1,20,2020-04-09 16:53:11,2020-12-10 10:24:00
499,SJ_00499,아름동_영토프라자앞 로터리,Y,세종,아름동,세종특별자치시 아름동 1332,127.243027,36.510859,1,30,2020-04-09 16:54:26,2021-12-27 19:30:26
500,SJ_00500,고운동_가락2203동,Y,세종,고운동,세종특별자치시 고운동 1387-1,127.241161,36.519924,1,25,2020-04-09 16:55:51,2022-01-08 21:05:05
501,SJ_00501,반곡동_수루배601동,Y,세종,반곡동,세종특별자치시 반곡동 67-4,127.318591,36.494163,3,30,2020-04-09 16:57:55,2021-05-05 14:07:35
502,SJ_00502,어진동_지방자치회관,Y,세종,어진동,세종특별자치시 어진동 661,127.262997,36.493776,1,20,2020-04-09 16:59:12,2020-12-10 10:24:00
503,SJ_00503,고운동_한마음정육식당,Y,세종,고운동,세종특별자치시 고운동 2004,127.236325,36.500387,1,15,2020-04-09 17:01:16,2020-12-10 10:24:00
504,SJ_00504,나성동_독락정역사공원,Y,세종,나성동,세종특별자치시 나성동 213-2,127.266804,36.484644,1,20,2020-04-09 17:16:37,2022-06-01 16:18:21
505,SJ_00505,고운동_세종누리학교,Y,세종,고운동,세종특별자치시 고운동 472,127.242839,36.525969,1,20,2020-04-21 17:38:55,2020-12-10 10:24:00
506,SJ_00506,대평동_대평초등학교,Y,세종,대평동,세종특별자치시 대평동 266-11,127.277899,36.469965,3,25,2020-04-21 17:40:24,2020-12-10 10:24:00
507,SJ_00507,도담동_싱싱장터1호점,Y,세종,도담동,세종특별자치시 도담동 654,127.259974,36.515383,1,20,2020-04-21 17:42:13,2020-12-10 10:24:00
508,SJ_00508,고운동_가락1914동,Y,세종,고운동,세종특별자치시 고운동 667-1,127.232504,36.522384,1,20,2020-04-24 11:09:40,2020-12-10 10:24:00
509,SJ_00509,도담동_라온프라이빗2차,Y,세종,도담동,세종특별자치시 도담동 402,127.259276,36.512653,1,30,2020-04-24 11:11:55,2020-12-10 10:24:00
510,SJ_00510,반곡동_시드니블루,Y,세종,반곡동,세종특별자치시 반곡동 45-14,127.311827,36.497844,1,20,2020-04-24 11:15:11,2020-12-10 10:24:00
511,SJ_00511,반곡동_반곡고등학교,Y,세종,반곡동,세종특별자치시 반곡동 64-11,127.317611,36.496058,1,20,2020-04-24 11:16:21,2020-12-10 10:24:00
512,SJ_00512,보람동_여울초등학교,Y,세종,보람동,세종특별자치시 보람동 700-86,127.285486,36.476889,3,30,2020-08-05 11:00:04,2020-12-10 10:24:00
513,SJ_00513,해밀동_해밀138동,Y,세종,해밀동,세종특별자치시 해밀동 333,127.267690,36.525145,1,40,2020-10-07 10:42:32,2021-06-30 21:21:19
514,SJ_00514,해밀동_해밀139동,Y,세종,해밀동,세종특별자치시 해밀동 337,127.267166,36.525831,1,30,2020-10-07 10:45:49,2021-06-30 21:21:33
515,SJ_00515,연기면_세종중앙공원(남쪽)주차장,Y,세종,연기면 세종리,세종특별자치시 연기면 세종리 548-121,127.269877,36.491979,1,30,2020-10-12 14:31:23,2021-05-13 08:45:00
516,SJ_00516,연기면_세종중앙공원(중앙)공터,Y,세종,연기면 세종리,세종특별자치시 연기면 세종리 107-290,127.274595,36.494794,1,20,2020-10-12 14:37:08,2020-12-10 10:24:00
518,SJ_00518,연기면_국립수목원(북쪽)보관소,Y,세종,연기면 세종리,세종특별자치시 연기면 세종리 114-242,127.284106,36.497816,1,20,2020-10-12 14:50:59,2020-12-10 10:24:00
519,SJ_00519,도담동_카림에비뉴,Y,세종,도담동,세종특별자치시 도담동 402,127.259281,36.514435,1,20,2020-10-21 13:35:42,2020-12-10 10:24:00
520,SJ_00520,조치원_조치원역,Y,세종,조치원읍 원리,세종특별자치시 조치원읍 원리 12-6,127.297929,36.601053,1,25,2020-10-21 15:14:34,2021-10-14 09:57:45
521,SJ_00521,조치원_우체국,Y,세종,조치원읍 교리,세종특별자치시 조치원읍 교리 24-3,127.298027,36.602414,1,25,2020-10-21 15:19:53,2020-12-10 10:24:00
523,SJ_00523,조치원_신흥주공207동,Y,세종,조치원읍 신흥리,세종특별자치시 조치원읍 신흥리 393,127.290782,36.594882,1,20,2020-10-21 16:11:42,2022-07-08 19:44:39
524,SJ_00524,조치원_자이아파트119동,Y,세종,조치원읍 죽림리,세종특별자치시 조치원읍 죽림리 117-5,127.291523,36.591022,1,30,2020-10-21 16:19:28,2021-03-08 18:28:59
525,SJ_00525,연기면_양화1교차로종촌교다리,Y,세종,연기면 세종리,세종특별자치시 연기면 세종리 9-5,127.299561,36.503421,1,20,2020-10-22 15:10:17,2020-12-10 10:24:00
526,SJ_00526,소담동_새샘908동,Y,세종,소담동,세종특별자치시 소담동 325,127.301503,36.489072,1,25,2020-10-22 15:13:59,2020-12-10 10:24:00
527,SJ_00527,소담동_법조타운A,Y,세종,소담동,세종특별자치시 소담동 208,127.302367,36.489461,1,20,2020-10-22 15:16:27,2020-12-10 10:24:00
528,SJ_00528,반곡동_더스테이빌딩,Y,세종,반곡동,세종특별자치시 반곡동 771-68,127.303015,36.490436,4,15,2020-10-22 15:18:31,2022-01-12 14:50:25
529,SJ_00529,도담동_센트럴프라자,Y,세종,도담동,세종특별자치시 도담동 657,127.258746,36.515305,1,20,2020-10-22 15:22:35,2020-12-10 10:24:00
530,SJ_00530,도담동_세종충남대병원,Y,세종,도담동,세종특별자치시 도담동 407,127.258929,36.519525,1,20,2020-10-22 15:52:13,2020-12-10 10:24:00
531,SJ_00531,소담동_새샘701동,Y,세종,소담동,세종특별자치시 소담동 36-1,127.299658,36.487013,1,40,2020-10-22 15:56:52,2021-05-03 15:06:55
532,SJ_00532,소담동_새샘703동,Y,세종,소담동,세종특별자치시 소담동 539,127.300345,36.485543,1,30,2020-10-22 15:57:50,2022-04-06 11:59:17
533,SJ_00533,해밀동_해밀144동,Y,세종,해밀동,세종특별자치시 해밀동 산 12,127.267491,36.527971,1,30,2020-10-22 16:37:11,2020-12-10 10:24:00
534,SJ_00534,해밀동_해밀113동,Y,세종,해밀동,세종특별자치시 해밀동 608,127.265090,36.524998,1,30,2020-10-22 16:38:35,2020-12-10 10:24:00
535,SJ_00535,어진동_홈플러스,Y,세종,어진동,세종특별자치시 어진동 503,127.258506,36.506927,1,20,2020-10-23 13:19:44,2020-12-10 10:24:00
537,SJ_00537,집현동_새나루마을1204동(서쪽),Y,세종,집현동,세종특별자치시 집현동 997-3,127.324436,36.500307,1,20,2021-05-04 13:33:54,2021-05-04 13:33:54
538,SJ_00538,집현동_새나루마을BRT(시청방향),Y,세종,집현동,세종특별자치시 집현동 885-1,127.322189,36.498194,1,20,2021-05-04 13:39:30,2021-05-04 13:39:30
539,SJ_00539,소담동_아이콤타워(뒷편),Y,세종,소담동,세종특별자치시 소담동 609,127.298952,36.484544,1,25,2021-05-04 14:05:46,2022-02-11 10:18:48
540,SJ_00540,소담동_지엘플렉스2(입구),Y,세종,소담동,세종특별자치시 소담동 580,127.301324,36.484498,3,30,2021-05-04 14:14:54,2022-05-28 13:26:20
541,SJ_00541,소담동_지엘플렉스1(입구),Y,세종,소담동,세종특별자치시 소담동 582,127.301668,36.484908,3,25,2021-05-06 09:45:15,2022-05-28 13:26:14
543,SJ_00543,보람동_스마트허브4(입구),Y,세종,보람동,세종특별자치시 보람동 762,127.290520,36.477336,1,30,2021-05-04 14:29:57,2021-08-05 17:49:48
548,SJ_00548,보람동_아평빌딩(입구),Y,세종,보람동,세종특별자치시 보람동 762,127.288635,36.476536,3,30,2021-05-04 14:49:45,2022-04-25 08:52:51
549,SJ_00549,한솔동_주민센터(입구),Y,세종,한솔동,세종특별자치시 한솔동 964,127.254918,36.479067,1,15,2021-05-04 15:01:48,2021-05-04 15:01:48
550,SJ_00550,가람동_세종중부발전(입구),Y,세종,가람동,세종특별자치시 가람동 961,127.247185,36.466008,1,15,2021-05-04 15:11:37,2021-05-04 15:11:37
551,SJ_00551,새롬동_새롬중학교(건너편),Y,세종,새롬동,세종특별자치시 새롬동 605,127.250582,36.481289,1,15,2021-05-04 15:21:15,2021-05-04 15:21:15
552,SJ_00552,새롬동_새뜸마을408동(육교앞),Y,세종,새롬동,세종특별자치시 새롬동 553,127.244675,36.487448,1,15,2021-05-04 15:27:29,2021-05-04 15:27:29
553,SJ_00553,어진동_행안부제2별관(주차장입구),Y,세종,어진동,세종특별자치시 어진동 524,127.256688,36.499785,1,30,2021-05-04 15:44:24,2021-07-19 20:22:49
554,SJ_00554,어진동_복건복지부(별관)앞,Y,세종,어진동,세종특별자치시 어진동 523,127.256811,36.499010,1,40,2021-05-04 15:47:39,2021-10-03 14:20:01
555,SJ_00555,종촌동_중앙프라자(북쪽)_입구,Y,세종,종촌동,세종특별자치시 종촌동 657,127.249447,36.504891,1,15,2021-05-04 16:06:09,2021-05-04 16:08:07
556,SJ_00556,도담동_도램마을102동(도로변),Y,세종,도담동,세종특별자치시 도담동 845,127.255975,36.510809,1,15,2021-05-04 16:24:29,2021-05-04 16:24:29
557,SJ_00557,어진동_세종중앙타운(서측)_입구,Y,세종,어진동,세종특별자치시 어진동 494,127.261899,36.508227,1,30,2021-05-04 16:35:25,2022-04-11 13:06:20
558,SJ_00558,어진동_리슈빌S_입구,Y,세종,어진동,세종특별자치시 어진동 548,127.262010,36.507734,1,30,2021-05-04 16:37:58,2021-07-30 07:41:12
571,SJ_00517,연기면_세종중앙공원(북쪽)주차장,Y,세종,연기면 세종리,세종특별자치시 연기면 세종리 114-264,127.281370,36.499060,1,20,2020-10-12 14:44:43,2020-12-10 10:24:00
572,SJ_00572,해밀동_해밀214동(동쪽),Y,세종,해밀동,세종특별자치시 해밀동 산 23,127.271626,36.527208,6,25,2020-11-27 14:52:53,2020-12-10 17:23:00
573,SJ_00573,해밀동_해밀211동(남측),Y,세종,해밀동,세종특별자치시 해밀동 123,127.268727,36.528448,1,25,2020-11-27 15:00:46,2020-12-10 17:23:00
574,SJ_00574,해밀동_해밀205동(남측),Y,세종,해밀동,세종특별자치시 해밀동 산 14,127.267838,36.529558,1,35,2020-11-27 15:10:16,2021-03-19 09:18:52
575,SJ_00575,해밀동_해밀마을BRT,Y,세종,해밀동,세종특별자치시 해밀동 산 5-2,127.263987,36.528441,1,25,2020-11-27 15:15:56,2020-12-10 17:23:00
576,SJ_00576,해밀동_해밀106동(서측),Y,세종,해밀동,세종특별자치시 해밀동 317,127.264454,36.527870,1,25,2020-11-27 15:19:24,2020-12-10 17:23:00
577,SJ_00577,고운동_가락2002동 앞,Y,세종,고운동,세종특별자치시 고운동 1396,127.240604,36.517274,1,40,2020-11-27 15:31:21,2021-05-26 12:59:12
578,SJ_00578,어진동_국무조정실 북측 버스정류장,Y,세종,어진동,세종특별자치시 어진동 615,127.271252,36.503824,1,30,2021-02-08 14:45:04,2022-03-12 19:55:30
579,SJ_00579,나성동_나릿재404동(동쪽)_도로변,Y,세종,나성동,세종특별자치시 나성동 353-1,127.262608,36.491181,1,27,2021-05-12 13:40:45,2021-11-25 16:00:39
580,SJ_00580,나성동_나릿재103동 육교옆,Y,세종,나성동,세종특별자치시 나성동 256-2,127.264281,36.487586,1,25,2021-05-14 10:52:58,2021-10-13 11:09:50
581,SJ_00581,나성동_나릿재402동(북쪽)_입구,Y,세종,나성동,세종특별자치시 나성동 350-1,127.261355,36.491474,2,20,2021-06-10 16:39:34,2021-09-30 14:32:00
582,SJ_00582,나성동_나릿재401동(남쪽)_도로변,Y,세종,나성동,세종특별자치시 나성동 363-1,127.261028,36.490011,2,30,2021-06-10 16:42:42,2022-02-04 21:51:17
583,SJ_00583,나성동_나릿재206동(동쪽)_도로변,Y,세종,나성동,세종특별자치시 나성동 297-4,127.266600,36.489121,2,25,2021-06-10 16:51:18,2022-02-04 21:50:50
584,SJ_00584,나성동_나릿재201동(육교)_도로변,Y,세종,나성동,세종특별자치시 나성동 255-2,127.264689,36.487647,2,25,2021-06-10 16:57:24,2022-02-04 21:50:03
585,SJ_00585,나성동_나릿재101동(북서쪽)_로터리,Y,세종,나성동,세종특별자치시 나성동 394-1,127.262159,36.487447,2,30,2021-06-10 17:04:51,2022-02-04 21:48:59
586,SJ_00586,아름동_남세종청소년센터,Y,세종,아름동,세종특별자치시 아름동 1458,127.244530,36.519017,1,30,2021-09-24 10:48:58,2021-09-24 10:49:55
587,SJ_00587,나성동_나릿재6단지 정문 옆(도로변),Y,세종,나성동,세종특별자치시 나성동 350-2,127.261558,36.491676,2,20,2021-09-30 14:30:49,2021-09-30 14:30:49
588,SJ_00588,나성동_나릿재6단지,Y,세종,나성동,세종특별자치시 나성동 658-27,127.262421,36.492160,2,30,2021-09-30 14:34:35,2021-09-30 14:34:35
589,SJ_00589,나성동_나릿재309동 앞,Y,세종,나성동,세종특별자치시 나성동 261-1,127.263648,36.488571,2,30,2021-09-30 14:45:26,2021-10-21 14:25:01
590,SJ_00590,나성동_나릿재303동 앞,Y,세종,나성동,세종특별자치시 나성동 372-2,127.261328,36.488689,2,30,2021-09-30 14:51:37,2021-09-30 14:51:37
591,SJ_00591,나성동_리치먼드시티 앞,Y,세종,나성동,세종특별자치시 나성동 756,127.256584,36.492734,2,40,2021-09-30 15:35:32,2022-02-19 17:04:30
600,SJ_00600,어진동_한뜰마을601동 앞,Y,세종,어진동,세종특별자치시 어진동 673,127.259026,36.495499,1,30,2021-10-21 14:13:06,2021-10-21 14:13:06
601,SJ_00601,어진동_한뜰마을604동앞,Y,세종,어진동,세종특별자치시 어진동 755,127.261280,36.494068,1,30,2021-10-27 14:44:35,2021-10-27 16:10:43
602,SJ_00602,어진동_해수부_기재부 로터리,Y,세종,어진동,세종특별자치시 어진동 715,127.264983,36.505644,1,30,2021-12-03 16:52:21,2021-12-27 17:32:22
603,SJ_00603,연기면_국립수목원연구동 앞 정류장,Y,세종,연기면 세종리,세종특별자치시 연기면 세종리 912-2,127.289834,36.497709,1,30,2021-12-03 17:07:13,2021-12-03 17:07:13
604,SJ_00604,조치원_홈플러스 정문,Y,세종,조치원읍 번암리,세종특별자치시 조치원읍 번암리 53-2,127.297101,36.586551,1,30,2021-12-03 17:09:35,2021-12-03 17:10:15
605,SJ_00605,소담동_한국보건사회연구원 대로변쪽,Y,세종,소담동,세종특별자치시 소담동 831,127.306277,36.495141,3,30,2021-12-03 17:20:42,2021-12-03 17:20:42
606,SJ_00606,보람동_호려울 1010동 앞,Y,세종,보람동,세종특별자치시 보람동 702,127.295203,36.481535,3,15,2021-12-04 12:23:30,2021-12-04 12:24:22
607,SJ_00607,보람동_호려울 911동 앞,Y,세종,보람동,세종특별자치시 보람동 774,127.295035,36.481002,3,30,2021-12-04 12:33:04,2021-12-04 12:34:58
608,SJ_00608,집현동_새나루마을 1207동,Y,세종,집현동,세종특별자치시 집현동 418-1,127.325863,36.501811,4,15,2021-12-04 12:50:33,2021-12-04 12:51:21
609,SJ_00609,집현동_새나루마을1단지 정문앞 로터리,Y,세종,집현동,세종특별자치시 집현동 883-148,127.320032,36.485520,4,15,2021-12-04 12:59:18,2021-12-27 18:43:50
610,SJ_00610,대평동_세종고속시외버스터미널,Y,세종,대평동,세종특별자치시 대평동 269-52,127.273774,36.469257,3,15,2021-12-04 13:15:11,2021-12-04 13:16:01
611,SJ_00611,고운동_세종중앙타워,Y,세종,고운동,세종특별자치시 고운동 2094,127.241216,36.511640,1,40,2021-12-05 10:26:04,2022-04-19 08:39:19
612,SJ_00612,고운동_고운프라자,Y,세종,고운동,세종특별자치시 고운동 1370,127.234530,36.519433,1,25,2021-12-05 10:45:43,2021-12-05 10:48:04
613,SJ_00613,고운동_가락2005동 앞,Y,세종,고운동,세종특별자치시 고운동 1397,127.241390,36.516053,1,25,2021-12-05 10:56:58,2021-12-05 10:56:58
614,SJ_00614,집현동_새나루마을 309동 앞 로터리,Y,세종,집현동,세종특별자치시 집현동 883-56,127.321606,36.490739,4,25,2021-12-15 15:43:33,2021-12-27 18:40:17
615,SJ_00615,집현동_새나루마을 402동 앞,Y,세종,집현동,세종특별자치시 집현동 883-270,127.321039,36.493527,4,25,2021-12-15 15:48:38,2021-12-27 18:40:49
616,SJ_00616,집현동_새나루마을 401동 앞 로터리,Y,세종,집현동,세종특별자치시 집현동 785-57,127.322201,36.493163,4,25,2021-12-15 15:52:32,2021-12-27 18:27:23
617,SJ_00617,집현동_새나루마을2단지 입구,Y,세종,집현동,세종특별자치시 집현동 883-82,127.322089,36.488489,4,35,2021-12-15 15:59:23,2022-04-05 15:48:03
618,SJ_00618,소담동 _농림수산식품교육문화정보원,Y,세종,반곡동,세종특별자치시 반곡동 772-3,127.305279,36.492846,3,25,2021-12-27 13:39:19,2022-02-04 21:48:00
619,SJ_00619,반곡동_수루배 207동앞,Y,세종,반곡동,세종특별자치시 반곡동 358,127.310773,36.494962,4,25,2021-12-27 13:47:57,2021-12-27 13:49:04
620,SJ_00620,집현동_새나루 1103동 앞,Y,세종,집현동,세종특별자치시 집현동 885-1,127.322671,36.496736,4,25,2021-12-27 13:58:17,2021-12-27 13:58:17
622,SJ_00622,어진동_과기부(블랙야크 앞 정류장),Y,세종,어진동,세종특별자치시 어진동 666,127.260384,36.497497,1,20,2021-12-27 14:38:04,2021-12-27 16:12:27
623,SJ_00623,연기면_전월산 무궁화 테마공원,Y,세종,연기면 세종리,세종특별자치시 연기면 세종리 633-1,127.287767,36.513758,1,30,2021-12-27 14:39:58,2021-12-27 15:58:03
624,SJ_00624,아름동_세종국제고_과학영재고 사이,Y,세종,아름동,세종특별자치시 아름동 1463,127.248088,36.521610,1,30,2021-12-27 14:42:09,2022-08-29 15:48:51
625,SJ_00625,도담동_해밀1단지 건너편 버스정류장,Y,세종,도담동,세종특별자치시 도담동 409,127.263136,36.524612,1,30,2021-12-27 14:43:59,2022-01-19 12:06:50
626,SJ_00626,어진동_정부세종청사2_우체국사거리,Y,세종,어진동,세종특별자치시 어진동 582,127.261847,36.499833,1,20,2021-12-27 14:47:14,2021-12-27 15:55:16
627,SJ_00627,종촌동_소망교회 옆,Y,세종,종촌동,세종특별자치시 종촌동 676,127.249105,36.502287,1,30,2021-12-27 14:51:02,2021-12-27 14:52:21
628,SJ_00628,금남면_세종성바오로성당,Y,세종,금남면 신촌리,세종특별자치시 금남면 신촌리 297-11,127.282449,36.468474,3,30,2022-02-03 10:42:15,2022-02-04 21:46:12
629,SJ_00629,보람동_보람초등학교 앞 정류장,Y,세종,보람동,세종특별자치시 보람동 773,127.292940,36.480135,3,25,2022-02-04 15:40:30,2022-02-04 15:44:44
630,SJ_00630,반곡동_국책 연구지원동 앞(정류장),Y,세종,반곡동,세종특별자치시 반곡동 736,127.303269,36.495420,3,30,2022-02-04 15:41:18,2022-02-04 21:44:54
631,SJ_00631,반곡동_국책연구단지 시외버스 정류장,Y,세종,반곡동,세종특별자치시 반곡동 713,127.305612,36.495824,3,40,2022-02-04 15:43:42,2022-05-28 11:13:11
632,SJ_00632,집현동_새나루 1단지 앞,Y,세종,집현동,세종특별자치시 집현동 0,127.320500,36.485792,4,20,2022-02-04 17:31:58,2022-02-04 19:36:44
633,SJ_00633,집현동_새나루1109동 앞,Y,세종,집현동,세종특별자치시 집현동 889,127.323865,36.497535,4,25,2022-02-04 17:44:56,2022-02-04 21:42:56
634,SJ_00634,집현동_새나루11단지앞 BRT정류장,Y,세종,집현동,세종특별자치시 집현동 885-1,127.321965,36.497709,4,25,2022-02-04 16:34:58,2022-02-04 21:57:46
635,SJ_00635,집현동_산학연클러스터앞 BRT정류장,Y,세종,집현동,세종특별자치시 집현동 396,127.328582,36.500740,4,25,2022-02-04 16:40:35,2022-02-04 21:59:33
637,SJ_00637,집현동_새나루 906동 앞,Y,세종,집현동,세종특별자치시 집현동 산 180,127.324530,36.491178,4,25,2022-02-04 17:53:22,2022-02-04 21:41:48
638,SJ_00638,집현동_새나루 9단지 버스정류장,Y,세종,집현동,세종특별자치시 집현동 785-548,127.324919,36.492476,4,25,2022-02-04 17:56:01,2022-02-04 20:03:53
639,SJ_00639,집현동_새나루 901동앞 로터리,Y,세종,집현동,세종특별자치시 집현동 785-57,127.322704,36.493180,4,25,2022-02-04 17:58:00,2022-05-30 21:52:29
640,SJ_00640,아름동_아카데미타워,Y,세종,아름동,세종특별자치시 아름동 1318,127.243292,36.512070,1,20,2022-02-04 18:00:35,2022-02-04 20:52:17
641,SJ_00641,집현동_BRT정류장(시청 방면),Y,세종,집현동,세종특별자치시 집현동 370,127.328434,36.501578,4,25,2022-02-04 20:13:25,2022-02-04 22:07:00
645,SJ_00645,집현동_11단지 1106앞,Y,세종,집현동,세종특별자치시 집현동 995-3,127.325279,36.496456,4,30,2022-02-05 13:52:51,2022-02-05 13:52:51
646,SJ_00646,보람동_금강보행교 남측(좌),Y,세종,보람동,세종특별자치시 보람동 627-6,127.287577,36.480599,3,40,2022-03-21 14:55:44,2022-03-21 15:08:04
647,SJ_00647,보람동_금강보행교 남측(우),Y,세종,보람동,세종특별자치시 보람동 626-7,127.288400,36.480947,3,40,2022-03-21 14:57:54,2022-03-21 15:07:37
648,SJ_00648,연기면 금강보행교북측(좌),Y,세종,연기면 세종리,세종특별자치시 연기면 세종리 114-400,127.283330,36.486524,1,30,2022-03-22 13:31:18,2022-03-22 13:32:43
649,SJ_00649,연기면 금강보행교 북측(우),Y,세종,연기면 세종리,세종특별자치시 연기면 세종리 735-487,127.283304,36.486074,1,30,2022-03-22 13:36:00,2022-03-22 13:36:00
650,SJ_00650,나성동_메가박스 건물 앞,Y,세종,나성동,세종특별자치시 나성동 821,127.263397,36.483728,1,30,2022-05-31 13:47:12,2022-05-31 13:54:27
651,SJ_00651,도담동_양지고등학교 정문 앞,N,세종,도담동,세종특별자치시 도담동 895,127.267784,36.509530,1,30,2022-05-31 13:51:02,2022-06-23 13:11:47
652,SJ_00652,해밀동_해밀동 복합커뮤니티센터 앞,Y,세종,해밀동,세종특별자치시 해밀동 339-3,127.267659,36.527004,6,30,2022-05-31 13:53:56,2022-05-31 15:12:34
653,SJ_00653,도담동_도램마을 9단지 정류장BRT,N,세종,도담동,세종특별자치시 도담동 855,127.261637,36.509061,1,30,2022-05-31 13:56:46,2022-06-23 13:02:17
654,SJ_00654,아름동_범지기 1023동 버스정류장,Y,세종,아름동,세종특별자치시 아름동 1277,127.249473,36.519095,1,30,2022-05-31 13:58:50,2022-05-31 13:58:50
655,SJ_00655,다정동_가온7단지 정문 버스정류장,Y,세종,다정동,세종특별자치시 다정동 965,127.249781,36.491616,2,30,2022-05-31 14:00:26,2022-05-31 14:00:26
656,SJ_00656,어진동_세종경찰기동대 인근,Y,세종,어진동,세종특별자치시 어진동 627,127.266879,36.503281,1,30,2022-05-31 14:03:12,2022-05-31 14:56:38
657,SJ_00657,집현동_새나루1단지 후문(118동),Y,세종,반곡동,세종특별자치시 반곡동 산 74,127.317184,36.483881,4,30,2022-05-31 14:05:50,2022-05-31 14:05:50
659,SJ_00659,나성동_포드자동차 앞,Y,세종,나성동,세종특별자치시 나성동 752,127.259176,36.484292,2,30,2022-05-31 14:09:10,2022-05-31 14:09:10
660,SJ_00660,어진동_한뜰406동 앞 버스정류장,Y,세종,어진동,세종특별자치시 어진동 520,127.254920,36.499012,1,30,2022-05-31 14:25:02,2022-05-31 14:25:02
661,SJ_00661,어진동_한뜰401동 앞,Y,세종,어진동,세종특별자치시 어진동 520,127.255611,36.501082,1,30,2022-05-31 14:26:39,2022-07-22 14:33:06
662,SJ_00662,집현동_새나루마을 803동 로터리,Y,세종,집현동,세종특별자치시 집현동 785-94,127.323787,36.489735,4,25,2022-07-29 14:11:12,2022-07-29 18:59:20
900,SM_00001,삼미,N,세종,가산동,서울특별시 금천구 가산동,126.880623,37.484362,1,200,2018-10-12 12:51:30,2018-10-12 12:52:23
990,DJ_00001,두드림,N,세종,장대동,대전 유성구 장대동 336-3,127.337299,36.363496,0,70,2018-06-28 13:25:49,2020-10-14 13:12:06
999,SJ-00000,공영자전거 어울링센터,Y,세종,도담동,세종특별자치시 도담동 654,127.261054,36.515821,1,30,2018-08-20 15:59:05,2021-08-04 16:02:06
