type,latitude,longitude,altitude (m),name
W,36.6345978,127.2864094,40.4,제목 없는 위치표시
W,36.63501785,127.2867905,40,제목 없는 위치표시
W,36.63508548,127.2868715,39.6,제목 없는 위치표시
W,36.6346879,127.2864875,40,제목 없는 위치표시
W,36.63453762,127.2863876,42,제목 없는 위치표시
W,36.63447331,127.2863893,43.1,제목 없는 위치표시
W,36.63458067,127.2888673,38.2,제목 없는 위치표시
W,36.6345351,127.2887636,38.2,제목 없는 위치표시
W,36.6295869,127.2886117,33.7,제목 없는 위치표시
W,36.62956323,127.2886733,33.9,제목 없는 위치표시
W,36.6295668,127.2886927,33.9,제목 없는 위치표시
W,36.62967648,127.2888883,34.6,제목 없는 위치표시
W,36.62952073,127.2886847,33.8,제목 없는 위치표시
W,36.62944176,127.2887098,33.7,제목 없는 위치표시
W,36.62941269,127.2887182,33.7,제목 없는 위치표시
W,36.6293624,127.2886878,33.6,제목 없는 위치표시
W,36.62965906,127.2889361,34.8,제목 없는 위치표시
W,36.62956708,127.2889735,34.8,제목 없는 위치표시
W,36.62945449,127.2889835,34.6,제목 없는 위치표시
W,36.62944889,127.2890749,34.6,제목 없는 위치표시
W,36.62997524,127.2888958,34.4,제목 없는 위치표시
W,36.62992559,127.288866,34.5,제목 없는 위치표시
W,36.62593052,127.2900711,36,제목 없는 위치표시
W,36.62589097,127.2898614,37.5,제목 없는 위치표시
W,36.62577712,127.2898364,38.6,제목 없는 위치표시
W,36.62546328,127.2899171,43.4,제목 없는 위치표시
W,36.62374997,127.2905139,36.9,제목 없는 위치표시
W,36.62372114,127.2903288,38.5,제목 없는 위치표시
W,36.621563,127.2908608,31.6,제목 없는 위치표시
W,36.62153255,127.2906194,32.3,제목 없는 위치표시
W,36.62154548,127.2905743,32.3,제목 없는 위치표시
W,36.62159044,127.290519,32.4,제목 없는 위치표시
W,36.62148629,127.2905881,32.5,제목 없는 위치표시
W,36.62124826,127.2905546,32.6,제목 없는 위치표시
W,36.62130812,127.2906075,32.7,제목 없는 위치표시
W,36.62136894,127.2905977,33,제목 없는 위치표시
W,36.62135627,127.2903816,33.2,제목 없는 위치표시
W,36.62131803,127.2904723,33,제목 없는 위치표시
W,36.61664552,127.2919736,52.1,제목 없는 위치표시
W,36.61669342,127.2920215,51.4,제목 없는 위치표시
W,36.61671489,127.2920037,51.8,제목 없는 위치표시
W,36.61668664,127.2920673,50.6,제목 없는 위치표시
W,36.61668849,127.292186,47.7,제목 없는 위치표시
W,36.61685956,127.2919514,50.6,제목 없는 위치표시
W,36.61677508,127.292482,42.1,제목 없는 위치표시
W,36.61682013,127.2926519,40.3,제목 없는 위치표시
W,36.61327668,127.2928785,33.2,제목 없는 위치표시
W,36.61329896,127.2931455,33,제목 없는 위치표시
W,36.61323735,127.2928396,33.4,제목 없는 위치표시
W,36.61309245,127.2928577,34.1,제목 없는 위치표시
W,36.61297097,127.2928198,34.9,제목 없는 위치표시
W,36.61295881,127.2927862,35,제목 없는 위치표시
W,36.61295364,127.2927359,35.3,제목 없는 위치표시
W,36.61302017,127.2928625,34.4,제목 없는 위치표시
W,36.6134203,127.2919613,32.5,제목 없는 위치표시
W,36.61330551,127.2919069,32.4,제목 없는 위치표시
W,36.61413895,127.2895002,39,제목 없는 위치표시
W,36.61400562,127.2894729,39.3,제목 없는 위치표시
W,36.61406489,127.2891887,42.1,제목 없는 위치표시
W,36.61405919,127.2890595,42.1,제목 없는 위치표시
W,36.6140778,127.2890463,41.3,제목 없는 위치표시
W,36.61399455,127.2893491,40.6,제목 없는 위치표시
W,36.61399074,127.2894336,40.1,제목 없는 위치표시
W,36.61419038,127.2890823,41.3,제목 없는 위치표시
W,36.61451114,127.2886126,41.2,제목 없는 위치표시
W,36.61446731,127.2886579,41.2,제목 없는 위치표시
W,36.6148456,127.2881905,41.4,제목 없는 위치표시
W,36.61477204,127.2880788,41.3,제목 없는 위치표시
W,36.61482707,127.2878932,41.3,제목 없는 위치표시
W,36.61494436,127.2878219,40.9,제목 없는 위치표시
W,36.61499705,127.2878412,40.7,제목 없는 위치표시
W,36.61506433,127.2879784,40.9,제목 없는 위치표시
W,36.61488285,127.2850381,48.9,제목 없는 위치표시
W,36.61476955,127.2850507,50.3,제목 없는 위치표시
W,36.61454676,127.2837896,53,제목 없는 위치표시
W,36.61447715,127.2838369,54,제목 없는 위치표시
W,36.61407115,127.283009,55.9,제목 없는 위치표시
W,36.61415426,127.282944,55.3,제목 없는 위치표시
W,36.61410021,127.2826891,55,제목 없는 위치표시
W,36.61416929,127.2827711,54.7,제목 없는 위치표시
W,36.61436113,127.2824418,55.9,제목 없는 위치표시
W,36.61441105,127.2825272,55.5,제목 없는 위치표시
W,36.61446534,127.2825298,55.4,제목 없는 위치표시
W,36.61455112,127.2824546,56,제목 없는 위치표시
W,36.61612442,127.2835895,57.2,제목 없는 위치표시
W,36.61617434,127.2835539,57.8,제목 없는 위치표시
W,36.61645117,127.2847444,53.7,제목 없는 위치표시
W,36.61650808,127.2847344,54.4,제목 없는 위치표시
W,36.61652946,127.2847609,54.6,제목 없는 위치표시
W,36.61653487,127.2848423,54.4,제목 없는 위치표시
W,36.61651934,127.2849001,53.7,제목 없는 위치표시
W,36.61644654,127.2849115,52.7,제목 없는 위치표시
W,36.61585671,127.2857507,43.4,제목 없는 위치표시
W,36.615825,127.2856831,43.5,제목 없는 위치표시
W,36.61576894,127.2856702,43.3,제목 없는 위치표시
W,36.61566333,127.285734,42.7,제목 없는 위치표시
W,36.61573772,127.2859396,42.1,제목 없는 위치표시
W,36.61567016,127.2859377,41.9,제목 없는 위치표시
W,36.61616399,127.2873137,41.3,제목 없는 위치표시
W,36.61611607,127.2871634,40.7,제목 없는 위치표시
W,36.6158434,127.2873001,39.8,제목 없는 위치표시
W,36.61589052,127.287442,40.2,제목 없는 위치표시
W,36.61595537,127.2870864,40,제목 없는 위치표시
W,36.6158685,127.2871375,39.8,제목 없는 위치표시
W,36.61682684,127.2868655,43.6,제목 없는 위치표시
W,36.61686564,127.2869477,43.8,제목 없는 위치표시
W,36.6168157,127.2871053,44.3,제목 없는 위치표시
W,36.61675212,127.2871544,44.2,제목 없는 위치표시
W,36.62093608,127.2836284,67.4,제목 없는 위치표시
W,36.62095131,127.2837389,67.1,제목 없는 위치표시
W,36.62180152,127.2855175,78.8,제목 없는 위치표시
W,36.62176133,127.2855825,77.7,제목 없는 위치표시
W,36.62186768,127.287116,61.5,제목 없는 위치표시
W,36.62195355,127.2872048,61.6,제목 없는 위치표시
W,36.62149363,127.2878948,54.1,제목 없는 위치표시
W,36.62142737,127.2878062,53.7,제목 없는 위치표시
W,36.60970092,127.2749912,55.2,제목 없는 위치표시
W,36.60972282,127.2750589,55.6,제목 없는 위치표시
W,36.60691355,127.2778375,45,제목 없는 위치표시
W,36.60695281,127.2778696,45.1,제목 없는 위치표시
W,36.60681765,127.2786566,44.3,제목 없는 위치표시
W,36.60688516,127.2786536,44.7,제목 없는 위치표시
W,36.60618971,127.2805366,43.2,제목 없는 위치표시
W,36.60625235,127.2805707,43.7,제목 없는 위치표시
W,36.6050834,127.2828112,41.2,제목 없는 위치표시
W,36.60505545,127.2828301,41.2,제목 없는 위치표시
W,36.60496821,127.2829557,41.2,제목 없는 위치표시
W,36.60496606,127.2829992,41.2,제목 없는 위치표시
W,36.60501711,127.283067,41.6,제목 없는 위치표시
W,36.60513674,127.2828832,41.7,제목 없는 위치표시
W,36.60338394,127.2841787,36.1,제목 없는 위치표시
W,36.60332304,127.2842641,35.9,제목 없는 위치표시
W,36.60284425,127.2826955,36.8,제목 없는 위치표시
W,36.60276487,127.2827861,36.6,제목 없는 위치표시
W,36.60285866,127.2825468,36.9,제목 없는 위치표시
W,36.60278903,127.2824527,36.9,제목 없는 위치표시
W,36.60266709,127.2824635,36.7,제목 없는 위치표시
W,36.60258947,127.2825431,36.6,제목 없는 위치표시
W,36.60257404,127.2826945,36.5,제목 없는 위치표시
W,36.60264912,127.2827869,36.6,제목 없는 위치표시
W,36.60245858,127.2827917,36.2,제목 없는 위치표시
W,36.60240364,127.2828652,36,제목 없는 위치표시
W,36.60220625,127.283113,35.7,제목 없는 위치표시
W,36.60226729,127.2832111,35.6,제목 없는 위치표시
W,36.60183838,127.2832275,36.5,제목 없는 위치표시
W,36.6018538,127.2833695,36.5,제목 없는 위치표시
W,36.60177084,127.2831181,36.8,제목 없는 위치표시
W,36.60160488,127.2831562,37.3,제목 없는 위치표시
W,36.60180881,127.283494,36.7,제목 없는 위치표시
W,36.60164162,127.2835266,37.3,제목 없는 위치표시
W,36.60187981,127.28383,37.4,제목 없는 위치표시
W,36.6018907,127.2839376,37.6,제목 없는 위치표시
W,36.60227672,127.2846084,37.5,제목 없는 위치표시
W,36.60222249,127.2846199,38.1,제목 없는 위치표시
W,36.60219157,127.2847563,38.9,제목 없는 위치표시
W,36.60218453,127.2846851,38.6,제목 없는 위치표시
W,36.60201969,127.2848204,41,제목 없는 위치표시
W,36.60200931,127.284728,40.6,제목 없는 위치표시
W,36.60194403,127.2846308,40.6,제목 없는 위치표시
W,36.60179067,127.2846671,42.3,제목 없는 위치표시
W,36.60198449,127.2849679,42.1,제목 없는 위치표시
W,36.6018295,127.2850002,44.1,제목 없는 위치표시
W,36.60217353,127.2866271,46.8,제목 없는 위치표시
W,36.60227062,127.2865573,44.8,제목 없는 위치표시
W,36.60233411,127.2866183,44.2,제목 없는 위치표시
W,36.60246647,127.2868033,43.2,제목 없는 위치표시
W,36.60249467,127.2869011,43.1,제목 없는 위치표시
W,36.60235923,127.286996,44.9,제목 없는 위치표시
W,36.60249948,127.2824394,36.7,제목 없는 위치표시
W,36.60244257,127.2823726,36.8,제목 없는 위치표시
W,36.60234355,127.2820076,37.2,제목 없는 위치표시
W,36.60226766,127.282076,37.1,제목 없는 위치표시
W,36.60218525,127.2817316,37.5,제목 없는 위치표시
W,36.60209645,127.2818429,37.3,제목 없는 위치표시
W,36.60161125,127.2815361,37.1,제목 없는 위치표시
W,36.6015844,127.2813518,37.3,제목 없는 위치표시
W,36.60151151,127.2812484,37.8,제목 없는 위치표시
W,36.60135637,127.2812869,38.2,제목 없는 위치표시
W,36.602276,127.2798454,41.4,제목 없는 위치표시
W,36.60228662,127.2799539,41.2,제목 없는 위치표시
W,36.60291267,127.279965,41.9,제목 없는 위치표시
W,36.60279005,127.279983,41.7,제목 없는 위치표시
W,36.60319447,127.2805752,40.3,제목 없는 위치표시
W,36.60327191,127.2804776,40.5,제목 없는 위치표시
W,36.60338562,127.2805093,40.2,제목 없는 위치표시
W,36.6034542,127.280602,39.8,제목 없는 위치표시
W,36.6034702,127.2807443,39.4,제목 없는 위치표시
W,36.60339546,127.2808367,39.1,제목 없는 위치표시
W,36.60379202,127.2814992,37,제목 없는 위치표시
W,36.60372553,127.2814038,37.1,제목 없는 위치표시
W,36.60391629,127.2814965,36.8,제목 없는 위치표시
W,36.60372539,127.2812649,37.4,제목 없는 위치표시
W,36.60379511,127.2811794,37.7,제목 없는 위치표시
W,36.60391132,127.2811865,37.4,제목 없는 위치표시
W,36.60398973,127.2812788,37.1,제목 없는 위치표시
W,36.60398607,127.2814236,36.6,제목 없는 위치표시
W,36.60400989,127.2803887,39.4,제목 없는 위치표시
W,36.60405244,127.2802924,39.4,제목 없는 위치표시
W,36.60419255,127.280254,39.2,제목 없는 위치표시
W,36.60425688,127.2803392,38.9,제목 없는 위치표시
W,36.60421986,127.280522,38.6,제목 없는 위치표시
W,36.60413424,127.2805633,38.6,제목 없는 위치표시
W,36.60516245,127.2795379,40.3,제목 없는 위치표시
W,36.60510471,127.2794594,40.2,제목 없는 위치표시
W,36.60491122,127.2792565,40.3,제목 없는 위치표시
W,36.60483763,127.2793426,40.2,제목 없는 위치표시
W,36.60484098,127.279518,40.2,제목 없는 위치표시
W,36.60491365,127.2796076,40.3,제목 없는 위치표시
W,36.60452131,127.278726,42.4,제목 없는 위치표시
W,36.60453627,127.2788317,42,제목 없는 위치표시
W,36.60445326,127.2786344,42.9,제목 없는 위치표시
W,36.60433048,127.2786331,43.2,제목 없는 위치표시
W,36.60423078,127.2787389,42.8,제목 없는 위치표시
W,36.60422063,127.2788154,42.5,제목 없는 위치표시
W,36.60427092,127.2788974,42.1,제목 없는 위치표시
W,36.60446139,127.2789311,41.8,제목 없는 위치표시
W,36.60587363,127.277424,43.7,제목 없는 위치표시
W,36.605786,127.2774927,43.5,제목 없는 위치표시
W,36.60596152,127.2774949,43.6,제목 없는 위치표시
W,36.60602717,127.2774428,43.8,제목 없는 위치표시
W,36.6061877,127.2772803,44.2,제목 없는 위치표시
W,36.60615435,127.277221,44.4,제목 없는 위치표시
W,36.60626915,127.2772858,44.2,제목 없는 위치표시
W,36.60636947,127.277211,44.4,제목 없는 위치표시
W,36.6065475,127.276935,45.2,제목 없는 위치표시
W,36.60656593,127.2770017,45,제목 없는 위치표시
W,36.60668556,127.2768467,45.5,제목 없는 위치표시
W,36.60671609,127.2769172,45.4,제목 없는 위치표시
W,36.60641483,127.2775604,43.7,제목 없는 위치표시
W,36.60646056,127.277658,43.6,제목 없는 위치표시
W,36.60654557,127.2778232,43.8,제목 없는 위치표시
W,36.60656863,127.2778715,43.7,제목 없는 위치표시
W,36.60350879,127.2794381,41.4,제목 없는 위치표시
W,36.60355267,127.2795234,41.4,제목 없는 위치표시
W,36.60457515,127.2843603,42.1,제목 없는 위치표시
W,36.60448493,127.2843752,41.5,제목 없는 위치표시
W,36.60442264,127.2844939,40.5,제목 없는 위치표시
W,36.6044318,127.2846247,39.8,제목 없는 위치표시
W,36.60461111,127.284699,40.9,제목 없는 위치표시
W,36.60451029,127.2847193,39.8,제목 없는 위치표시
W,36.60365907,127.2844566,36.1,제목 없는 위치표시
W,36.60359922,127.2845568,35.8,제목 없는 위치표시
W,36.60423214,127.2846611,38.4,제목 없는 위치표시
W,36.60416463,127.2846717,38,제목 없는 위치표시
W,36.60473325,127.2858292,36.8,제목 없는 위치표시
W,36.6046236,127.2858357,36.2,제목 없는 위치표시
W,36.60457305,127.2859337,35.7,제목 없는 위치표시
W,36.60458676,127.2860879,35.4,제목 없는 위치표시
W,36.60464525,127.2861745,35.4,제목 없는 위치표시
W,36.60475931,127.2861599,35.8,제목 없는 위치표시
W,36.60445255,127.285942,35.2,제목 없는 위치표시
W,36.60436714,127.2859589,34.9,제목 없는 위치표시
W,36.60432985,127.2859905,34.8,제목 없는 위치표시
W,36.60433812,127.2860917,34.5,제목 없는 위치표시
W,36.60447388,127.2861309,34.8,제목 없는 위치표시
W,36.60439562,127.2861398,34.4,제목 없는 위치표시
W,36.60366898,127.2860974,35.2,제목 없는 위치표시
W,36.60367475,127.2861753,35.1,제목 없는 위치표시
W,36.60314975,127.2861386,36.6,제목 없는 위치표시
W,36.6030713,127.2861523,36.9,제목 없는 위치표시
W,36.60330522,127.2862584,36.1,제목 없는 위치표시
W,36.60320842,127.2862685,36.5,제목 없는 위치표시
W,36.60470955,127.2868916,35.5,제목 없는 위치표시
W,36.6047149,127.2869413,35.5,제목 없는 위치표시
W,36.60478935,127.2879325,34.2,제목 없는 위치표시
W,36.60474298,127.2879811,33.7,제목 없는 위치표시
W,36.6060494,127.2868197,39.6,제목 없는 위치표시
W,36.60597433,127.2868,39.7,제목 없는 위치표시
W,36.60694512,127.2863372,41.3,제목 없는 위치표시
W,36.60695418,127.2864236,41.4,제목 없는 위치표시
W,36.60704068,127.2864143,41.7,제목 없는 위치표시
W,36.60708664,127.2864058,41.9,제목 없는 위치표시
W,36.60646308,127.2883245,37.1,제목 없는 위치표시
W,36.60634375,127.2884258,36.8,제목 없는 위치표시
W,36.6063962,127.2883315,37,제목 없는 위치표시
W,36.60634866,127.2884991,36.7,제목 없는 위치표시
W,36.60655162,127.2885158,37.3,제목 없는 위치표시
W,36.60654809,127.2885983,37.2,제목 없는 위치표시
W,36.60647058,127.2886586,36.6,제목 없는 위치표시
W,36.60639793,127.2886433,36.4,제목 없는 위치표시
W,36.60621087,127.2892819,35.3,제목 없는 위치표시
W,36.60622397,127.2894175,35.1,제목 없는 위치표시
W,36.60645714,127.2892302,35.7,제목 없는 위치표시
W,36.60646405,127.2893882,35.5,제목 없는 위치표시
W,36.60640932,127.2894167,35.4,제목 없는 위치표시
W,36.60627605,127.2894394,35.1,제목 없는 위치표시
W,36.60598855,127.2895462,34.6,제목 없는 위치표시
W,36.60589368,127.2895322,34.4,제목 없는 위치표시
W,36.60585423,127.2895182,34.4,제목 없는 위치표시
W,36.60584598,127.2896152,34.3,제목 없는 위치표시
W,36.60570065,127.2894405,34.2,제목 없는 위치표시
W,36.60575344,127.2898231,33.5,제목 없는 위치표시
W,36.60560403,127.2894918,34,제목 없는 위치표시
W,36.60551211,127.2896904,33.6,제목 없는 위치표시
W,36.60565778,127.2898193,33.4,제목 없는 위치표시
W,36.60556771,127.2897647,33.5,제목 없는 위치표시
W,36.60562015,127.2893367,34.2,제목 없는 위치표시
W,36.60563152,127.2894113,34.2,제목 없는 위치표시
W,36.60619311,127.289884,34.1,제목 없는 위치표시
W,36.60615887,127.2898394,34.2,제목 없는 위치표시
W,36.6063065,127.2896733,34.8,제목 없는 위치표시
W,36.60629291,127.2897041,34.7,제목 없는 위치표시
W,36.60555086,127.2912261,31,제목 없는 위치표시
W,36.60549271,127.2912487,30.8,제목 없는 위치표시
W,36.60563852,127.2912219,31.4,제목 없는 위치표시
W,36.60570542,127.2912655,31.6,제목 없는 위치표시
W,36.60606611,127.290191,32.8,제목 없는 위치표시
W,36.60603769,127.2901343,33,제목 없는 위치표시
W,36.60573602,127.2921629,30.4,제목 없는 위치표시
W,36.60582727,127.2921572,30.4,제목 없는 위치표시
W,36.60587056,127.2921888,30.3,제목 없는 위치표시
W,36.60590754,127.2922682,30.1,제목 없는 위치표시
W,36.60589483,127.2922954,30,제목 없는 위치표시
W,36.60580507,127.2923188,30.1,제목 없는 위치표시
W,36.60662602,127.2938195,30.1,제목 없는 위치표시
W,36.60674134,127.2938202,30.1,제목 없는 위치표시
W,36.60683731,127.2938464,30.1,제목 없는 위치표시
W,36.60685236,127.293927,30.1,제목 없는 위치표시
W,36.60682333,127.2939475,30.1,제목 없는 위치표시
W,36.60671284,127.2939649,30.2,제목 없는 위치표시
W,36.60732198,127.2968952,30.6,제목 없는 위치표시
W,36.60738396,127.2969041,30.5,제목 없는 위치표시
W,36.60745085,127.2969337,30.4,제목 없는 위치표시
W,36.60747035,127.2970957,30.4,제목 없는 위치표시
W,36.60744452,127.2971224,30.6,제목 없는 위치표시
W,36.60735585,127.297147,30.7,제목 없는 위치표시
W,36.61076371,127.2978823,29.6,제목 없는 위치표시
W,36.61075531,127.2977993,29.6,제목 없는 위치표시
W,36.61071819,127.2976168,29.6,제목 없는 위치표시
W,36.61065509,127.2976302,29.4,제목 없는 위치표시
W,36.61082662,127.2983715,30.2,제목 없는 위치표시
W,36.61076345,127.2983643,30.1,제목 없는 위치표시
W,36.61072729,127.2975042,29.6,제목 없는 위치표시
W,36.61072102,127.2973957,29.6,제목 없는 위치표시
W,36.61065769,127.2970123,29.4,제목 없는 위치표시
W,36.61066574,127.2971069,29.4,제목 없는 위치표시
W,36.61045147,127.2965906,28.6,제목 없는 위치표시
W,36.61046051,127.2967379,28.7,제목 없는 위치표시
W,36.61062146,127.2967749,29.3,제목 없는 위치표시
W,36.61054248,127.2967913,29,제목 없는 위치표시
W,36.60989819,127.2966333,26.3,제목 없는 위치표시
W,36.60978931,127.2966474,26.4,제목 없는 위치표시
W,36.60971379,127.2968491,26.5,제목 없는 위치표시
W,36.60961834,127.2968596,26.6,제목 없는 위치표시
W,36.60967119,127.2966628,26.6,제목 없는 위치표시
W,36.60953499,127.2966719,26.9,제목 없는 위치표시
W,36.60892075,127.2967501,27.9,제목 없는 위치표시
W,36.60884542,127.2967588,28.1,제목 없는 위치표시
W,36.60871304,127.2969575,27.9,제목 없는 위치표시
W,36.60864257,127.296783,28.5,제목 없는 위치표시
W,36.60849873,127.2968012,28.7,제목 없는 위치표시
W,36.60862322,127.2969715,28.2,제목 없는 위치표시
W,36.60823179,127.2970188,28.9,제목 없는 위치표시
W,36.60811955,127.2970297,29.2,제목 없는 위치표시
W,36.60792545,127.2970544,29.6,제목 없는 위치표시
W,36.60780698,127.2970671,29.8,제목 없는 위치표시
W,36.61134407,127.2965426,31.1,제목 없는 위치표시
W,36.61140121,127.2964771,31,제목 없는 위치표시
W,36.61163751,127.2960904,30.8,제목 없는 위치표시
W,36.61171289,127.2960026,30.8,제목 없는 위치표시
W,36.61206732,127.2954022,31.1,제목 없는 위치표시
W,36.61208844,127.2953625,31.1,제목 없는 위치표시
W,36.61233874,127.294652,30.6,제목 없는 위치표시
W,36.61239734,127.2947211,30.7,제목 없는 위치표시
W,36.61238021,127.2947266,30.7,제목 없는 위치표시
W,36.61247114,127.2946222,30.4,제목 없는 위치표시
W,36.61290346,127.2938992,31.3,제목 없는 위치표시
W,36.61296589,127.2939273,31.4,제목 없는 위치표시
W,36.61199688,127.2928348,35.6,제목 없는 위치표시
W,36.61190774,127.2928942,35.2,제목 없는 위치표시
W,36.61036279,127.2934496,31.2,제목 없는 위치표시
W,36.61037268,127.2932188,31.7,제목 없는 위치표시
W,36.61039514,127.2931719,31.7,제목 없는 위치표시
W,36.61044923,127.293137,31.8,제목 없는 위치표시
W,36.61036448,127.2931709,31.7,제목 없는 위치표시
W,36.61030489,127.2931612,31.7,제목 없는 위치표시
W,36.61020826,127.2931763,31.5,제목 없는 위치표시
W,36.61014595,127.293193,31.3,제목 없는 위치표시
W,36.61011391,127.2931925,31.3,제목 없는 위치표시
W,36.61005842,127.2931845,31.2,제목 없는 위치표시
W,36.61038806,127.2925885,32.7,제목 없는 위치표시
W,36.61040625,127.2926959,32.4,제목 없는 위치표시
W,36.61039398,127.29274,32.4,제목 없는 위치표시
W,36.6102995,127.2927516,32.3,제목 없는 위치표시
W,36.6102523,127.2927483,32.3,제목 없는 위치표시
W,36.61016951,127.292707,32.4,제목 없는 위치표시
W,36.61017945,127.2926515,32.5,제목 없는 위치표시
W,36.61022351,127.292531,32.7,제목 없는 위치표시
W,36.60948404,127.2931933,30.4,제목 없는 위치표시
W,36.60940075,127.2931657,30.3,제목 없는 위치표시
W,36.60923538,127.29317,30.1,제목 없는 위치표시
W,36.60915918,127.2933765,30.1,제목 없는 위치표시
W,36.60905973,127.2934096,30.2,제목 없는 위치표시
W,36.6089186,127.293287,30.4,제목 없는 위치표시
W,36.60902253,127.2935303,30.3,제목 없는 위치표시
W,36.60902823,127.293593,30.3,제목 없는 위치표시
W,36.60844954,127.2926434,30.4,제목 없는 위치표시
W,36.6083916,127.292608,30.3,제목 없는 위치표시
W,36.60834003,127.2925815,30.3,제목 없는 위치표시
W,36.60827785,127.292539,30.2,제목 없는 위치표시
W,36.60751152,127.2892403,39.9,제목 없는 위치표시
W,36.60737776,127.2892625,38.9,제목 없는 위치표시
W,36.6086322,127.2889281,44.6,제목 없는 위치표시
W,36.60863856,127.2890868,43.6,제목 없는 위치표시
W,36.60858718,127.2891568,43.4,제목 없는 위치표시
W,36.6084905,127.2891519,43.8,제목 없는 위치표시
W,36.60844867,127.2889492,45,제목 없는 위치표시
W,36.60845511,127.2891257,43.9,제목 없는 위치표시
W,36.60834214,127.2898151,39,제목 없는 위치표시
W,36.60829254,127.2899297,38.4,제목 없는 위치표시
W,36.60818561,127.2913188,32.7,제목 없는 위치표시
W,36.60821737,127.2915032,32.3,제목 없는 위치표시
W,36.60497474,127.2884649,33.5,제목 없는 위치표시
W,36.6048935,127.2884723,33.2,제목 없는 위치표시
W,36.60504409,127.2892383,33,제목 없는 위치표시
W,36.60496426,127.2892544,33,제목 없는 위치표시
W,36.60507822,127.2895826,33.1,제목 없는 위치표시
W,36.60496021,127.2895904,32.8,제목 없는 위치표시
W,36.6054783,127.2922162,30.6,제목 없는 위치표시
W,36.60539496,127.2922297,30.6,제목 없는 위치표시
W,36.60537796,127.2922588,30.6,제목 없는 위치표시
W,36.60552593,127.2923577,30.4,제목 없는 위치표시
W,36.60540756,127.2923519,30.6,제목 없는 위치표시
W,36.60544091,127.2923725,30.5,제목 없는 위치표시
W,36.60638664,127.2938952,30,제목 없는 위치표시
W,36.60627384,127.2939147,30,제목 없는 위치표시
W,36.60624773,127.2939336,30,제목 없는 위치표시
W,36.60626536,127.2940339,30,제목 없는 위치표시
W,36.60644175,127.2940161,30,제목 없는 위치표시
W,36.60638392,127.2940211,30,제목 없는 위치표시
W,36.60280812,127.2945313,35.9,제목 없는 위치표시
W,36.60267785,127.2945608,35.8,제목 없는 위치표시
W,36.60252968,127.2946344,35.5,제목 없는 위치표시
W,36.60254454,127.2947549,34.7,제목 없는 위치표시
W,36.60249274,127.2946124,35.7,제목 없는 위치표시
W,36.60244941,127.2946223,35.6,제목 없는 위치표시
W,36.60211245,127.2946809,34.5,제목 없는 위치표시
W,36.60205626,127.2946883,34.2,제목 없는 위치표시
W,36.60167874,127.2947536,32,제목 없는 위치표시
W,36.60161448,127.2947632,31.8,제목 없는 위치표시
W,36.60119705,127.2948361,30.7,제목 없는 위치표시
W,36.60114742,127.2948413,30.7,제목 없는 위치표시
W,36.60108116,127.2948733,30.4,제목 없는 위치표시
W,36.60108217,127.2950664,29.6,제목 없는 위치표시
W,36.60035938,127.2949914,31.5,제목 없는 위치표시
W,36.60036313,127.2951806,30.8,제목 없는 위치표시
W,36.59946169,127.2951257,31.4,제목 없는 위치표시
W,36.59940646,127.2951384,31.4,제목 없는 위치표시
W,36.59911882,127.2952081,31.6,제목 없는 위치표시
W,36.59914263,127.2953908,31,제목 없는 위치표시
W,36.59794754,127.295379,34.5,제목 없는 위치표시
W,36.59786064,127.2953949,34.4,제목 없는 위치표시
W,36.59720105,127.2955011,32.9,제목 없는 위치표시
W,36.59709958,127.295519,32.5,제목 없는 위치표시
W,36.59703816,127.2955406,32.3,제목 없는 위치표시
W,36.5970556,127.2957417,31.7,제목 없는 위치표시
W,36.59680198,127.295566,31.9,제목 없는 위치표시
W,36.59672292,127.2955804,31.9,제목 없는 위치표시
W,36.59693713,127.2957854,31.4,제목 없는 위치표시
W,36.59690319,127.2957951,31.3,제목 없는 위치표시
W,36.60338158,127.2927218,31.8,제목 없는 위치표시
W,36.59648614,127.295634,32,제목 없는 위치표시
W,36.59795148,127.2953496,34.6,제목 없는 위치표시
W,36.59795103,127.295268,35.1,제목 없는 위치표시
W,36.59793334,127.2947458,37,제목 없는 위치표시
W,36.59796165,127.294635,37.5,제목 없는 위치표시
W,36.59846949,127.2903026,39.6,제목 없는 위치표시
W,36.5985954,127.2902926,39.4,제목 없는 위치표시
W,36.59860605,127.2902288,39.2,제목 없는 위치표시
W,36.59860069,127.2901001,39,제목 없는 위치표시
W,36.59834154,127.2889173,38.9,제목 없는 위치표시
W,36.59832824,127.2888417,39,제목 없는 위치표시
W,36.59831257,127.2885231,39.6,제목 없는 위치표시
W,36.59829883,127.2884042,39.8,제목 없는 위치표시
W,36.59834107,127.2885701,39.4,제목 없는 위치표시
W,36.59845958,127.2885564,39.3,제목 없는 위치표시
W,36.59856711,127.288298,39.5,제목 없는 위치표시
W,36.59852328,127.2882461,39.8,제목 없는 위치표시
W,36.59906269,127.2877577,42.7,제목 없는 위치표시
W,36.59915335,127.2876187,44.1,제목 없는 위치표시
W,36.59954555,127.2902166,37,제목 없는 위치표시
W,36.59961342,127.2902109,36.8,제목 없는 위치표시
W,36.60274233,127.2873132,40.4,제목 없는 위치표시
W,36.60278518,127.2874034,39.9,제목 없는 위치표시
W,36.60289441,127.2881573,38,제목 없는 위치표시
W,36.60292529,127.2883347,37.6,제목 없는 위치표시
W,36.60308959,127.2887035,36.2,제목 없는 위치표시
W,36.6031067,127.288872,35.8,제목 없는 위치표시
W,36.60310838,127.2889671,35.8,제목 없는 위치표시
W,36.60300908,127.2889816,36,제목 없는 위치표시
W,36.60303628,127.2894256,34.8,제목 없는 위치표시
W,36.60303697,127.28953,34.4,제목 없는 위치표시
W,36.603537,127.2874439,33.4,제목 없는 위치표시
W,36.60352956,127.2875031,33.3,제목 없는 위치표시
W,36.6036804,127.2875542,32.3,제목 없는 위치표시
W,36.60358176,127.287532,33,제목 없는 위치표시
W,36.60327214,127.2896026,33.8,제목 없는 위치표시
W,36.60330709,127.2898714,33.1,제목 없는 위치표시
W,36.6032139,127.2895902,33.9,제목 없는 위치표시
W,36.60325529,127.2898972,33.2,제목 없는 위치표시
W,36.60304203,127.2896126,34.2,제목 없는 위치표시
W,36.6029861,127.2896403,34.2,제목 없는 위치표시
W,36.60301587,127.2899077,33.7,제목 없는 위치표시
W,36.60309777,127.2899186,33.5,제목 없는 위치표시
W,36.60197247,127.2898391,34.1,제목 없는 위치표시
W,36.60187894,127.2898579,33.9,제목 없는 위치표시
W,36.60117045,127.2902713,34,제목 없는 위치표시
W,36.60107353,127.2902865,34.1,제목 없는 위치표시
W,36.60092139,127.2900282,34.2,제목 없는 위치표시
W,36.60091724,127.2902077,34.1,제목 없는 위치표시
W,36.60128416,127.2916214,41.2,제목 없는 위치표시
W,36.6012205,127.2916329,41.3,제목 없는 위치표시
W,36.60123512,127.2919833,42.3,제목 없는 위치표시
W,36.60124905,127.2921586,42.7,제목 없는 위치표시
W,36.6013648,127.2932676,43.3,제목 없는 위치표시
W,36.60137712,127.2933899,42.5,제목 없는 위치표시
W,36.60349056,127.2925652,35.5,제목 없는 위치표시
W,36.60350333,127.2926878,35.7,제목 없는 위치표시
W,36.60349251,127.2927001,36,제목 없는 위치표시
W,36.59654895,127.2956233,37.3,제목 없는 위치표시
W,36.603461,127.2925082,35.5,제목 없는 위치표시
W,36.60335081,127.2925596,36.7,제목 없는 위치표시
W,36.60336336,127.2925251,36.5,제목 없는 위치표시
W,36.60336721,127.2927036,37.3,제목 없는 위치표시
W,36.60338589,127.2913605,31.7,제목 없는 위치표시
W,36.60339296,127.2914888,31.8,제목 없는 위치표시
W,36.60338202,127.2915308,31.8,제목 없는 위치표시
W,36.60334681,127.2911851,31.7,제목 없는 위치표시
W,36.60326149,127.291197,32,제목 없는 위치표시
W,36.60324845,127.2913326,32.2,제목 없는 위치표시
W,36.60326345,127.291472,32.3,제목 없는 위치표시
W,36.60329391,127.2915373,32.2,제목 없는 위치표시
W,36.60462196,127.2923829,30.4,제목 없는 위치표시
W,36.60462713,127.2924912,30.4,제목 없는 위치표시
W,36.60450396,127.2924048,30.2,제목 없는 위치표시
W,36.6045126,127.2925087,30.4,제목 없는 위치표시
W,36.59570561,127.2948227,31.8,제목 없는 위치표시
W,36.59569835,127.2947341,31.7,제목 없는 위치표시
W,36.59567088,127.2946595,31.6,제목 없는 위치표시
W,36.59553841,127.2946795,31.5,제목 없는 위치표시
W,36.59551492,127.2947424,31.6,제목 없는 위치표시
W,36.59552376,127.2948286,31.7,제목 없는 위치표시
W,36.59410061,127.2933391,35.4,제목 없는 위치표시
W,36.5941073,127.2934175,35.5,제목 없는 위치표시
W,36.59404513,127.2934662,35.9,제목 없는 위치표시
W,36.59398097,127.2934722,36.3,제목 없는 위치표시
W,36.59366468,127.293423,38.7,제목 없는 위치표시
W,36.59367388,127.2934896,38.5,제목 없는 위치표시
W,36.59338274,127.2934142,40.7,제목 없는 위치표시
W,36.59339976,127.2935417,40.4,제목 없는 위치표시
W,36.59168892,127.2914385,44.5,제목 없는 위치표시
W,36.59164675,127.2914999,44.4,제목 없는 위치표시
W,36.59164863,127.2915257,44.5,제목 없는 위치표시
W,36.59162181,127.2914974,44.4,제목 없는 위치표시
W,36.59153586,127.2915134,44.4,제목 없는 위치표시
W,36.59151231,127.2915475,44.3,제목 없는 위치표시
W,36.59149968,127.2915125,44.2,제목 없는 위치표시
W,36.59145555,127.2914778,44,제목 없는 위치표시
W,36.59166746,127.2917268,44.9,제목 없는 위치표시
W,36.59168173,127.2917707,45,제목 없는 위치표시
W,36.59171529,127.2918126,45.2,제목 없는 위치표시
W,36.59163916,127.2917759,44.9,제목 없는 위치표시
W,36.59153091,127.2917989,44.6,제목 없는 위치표시
W,36.59151296,127.2917789,44.5,제목 없는 위치표시
W,36.59153319,127.2899344,41.7,제목 없는 위치표시
W,36.59144605,127.289948,41.8,제목 없는 위치표시
W,36.59132663,127.2883771,42.2,제목 없는 위치표시
W,36.59122023,127.2883911,43.3,제목 없는 위치표시
W,36.59142219,127.2881478,42.6,제목 없는 위치표시
W,36.59142256,127.2882328,42.1,제목 없는 위치표시
W,36.59228244,127.2880033,40.7,제목 없는 위치표시
W,36.59228692,127.2880737,40.6,제목 없는 위치표시
W,36.59288704,127.2878984,40.8,제목 없는 위치표시
W,36.59290926,127.2878788,40.8,제목 없는 위치표시
W,36.59288624,127.2879767,41,제목 없는 위치표시
W,36.59299005,127.2878624,41,제목 없는 위치표시
W,36.59304678,127.2878849,41.4,제목 없는 위치표시
W,36.59305107,127.2879542,41.5,제목 없는 위치표시
W,36.59301128,127.2880253,41.6,제목 없는 위치표시
W,36.59292136,127.2880435,41.3,제목 없는 위치표시
W,36.59295705,127.2871331,40.6,제목 없는 위치표시
W,36.59296555,127.2872037,40.6,제목 없는 위치표시
W,36.59285411,127.2872372,40.2,제목 없는 위치표시
W,36.59284218,127.2871445,40.2,제목 없는 위치표시
W,36.59292844,127.2870918,40.6,제목 없는 위치표시
W,36.59286344,127.2871023,40.4,제목 없는 위치표시
W,36.59338741,127.2845461,56.7,제목 없는 위치표시
W,36.59341054,127.284721,55.9,제목 없는 위치표시
W,36.5944043,127.2843875,62,제목 없는 위치표시
W,36.5944422,127.2845069,61.8,제목 없는 위치표시
W,36.59444448,127.2845364,61.8,제목 없는 위치표시
W,36.59440413,127.2845881,61.8,제목 없는 위치표시
W,36.59446409,127.2845371,61.8,제목 없는 위치표시
W,36.5946588,127.2845469,61.7,제목 없는 위치표시
W,36.59465839,127.2844404,61.6,제목 없는 위치표시
W,36.59471077,127.2842025,61.3,제목 없는 위치표시
W,36.59473753,127.2840025,59.9,제목 없는 위치표시
W,36.59464555,127.2839594,60,제목 없는 위치표시
W,36.59475653,127.2852706,59.1,제목 없는 위치표시
W,36.59477388,127.2854572,57.7,제목 없는 위치표시
W,36.59521063,127.2851981,57.9,제목 없는 위치표시
W,36.5952404,127.285391,57,제목 없는 위치표시
W,36.59569917,127.285021,55.4,제목 없는 위치표시
W,36.59575148,127.2850757,54.8,제목 없는 위치표시
W,36.5960279,127.2850482,52.4,제목 없는 위치표시
W,36.59598133,127.2850929,52.9,제목 없는 위치표시
W,36.5959467,127.2850963,53.2,제목 없는 위치표시
W,36.5958365,127.285121,54,제목 없는 위치표시
W,36.59580567,127.285172,54.3,제목 없는 위치표시
W,36.59581363,127.2852969,54.1,제목 없는 위치표시
W,36.59584924,127.2835979,51.6,제목 없는 위치표시
W,36.59579451,127.2835289,51.7,제목 없는 위치표시
W,36.59575468,127.2839423,53,제목 없는 위치표시
W,36.59567882,127.283961,53.6,제목 없는 위치표시
W,36.59559443,127.2839892,54.3,제목 없는 위치표시
W,36.59552761,127.2840538,55.1,제목 없는 위치표시
W,36.59660974,127.2853872,47.7,제목 없는 위치표시
W,36.5965484,127.2854578,48.4,제목 없는 위치표시
W,36.59482299,127.2858525,55.2,제목 없는 위치표시
W,36.59483122,127.2859433,54.7,제목 없는 위치표시
W,36.59486857,127.2864233,51.9,제목 없는 위치표시
W,36.5947703,127.2864371,51.8,제목 없는 위치표시
W,36.59467835,127.2868276,49.3,제목 없는 위치표시
W,36.59468958,127.286957,48.5,제목 없는 위치표시
W,36.59504439,127.2881942,41.5,제목 없는 위치표시
W,36.59509169,127.2883327,41.1,제목 없는 위치표시
W,36.59509693,127.2884601,41.1,제목 없는 위치표시
W,36.59509701,127.2885878,41.1,제목 없는 위치표시
W,36.59487574,127.2886155,40.8,제목 없는 위치표시
W,36.59476169,127.2885503,40.5,제목 없는 위치표시
W,36.59475035,127.2884578,40.4,제목 없는 위치표시
W,36.59486214,127.2882215,40.5,제목 없는 위치표시
W,36.59555536,127.2884727,42.2,제목 없는 위치표시
W,36.59555475,127.2885484,42.1,제목 없는 위치표시
W,36.59587129,127.2884304,43.9,제목 없는 위치표시
W,36.59587527,127.2885081,43.7,제목 없는 위치표시
W,36.59597971,127.2883988,44.4,제목 없는 위치표시
W,36.5960687,127.2883834,44.7,제목 없는 위치표시
W,36.59662557,127.2885732,45.7,제목 없는 위치표시
W,36.59666429,127.2886351,45.9,제목 없는 위치표시
W,36.59762306,127.2889429,41.6,제목 없는 위치표시
W,36.59762296,127.289012,41.6,제목 없는 위치표시
W,36.5975959,127.2890317,41.8,제목 없는 위치표시
W,36.59754068,127.2890394,42,제목 없는 위치표시
W,36.59745592,127.2905777,41.6,제목 없는 위치표시
W,36.59747171,127.2907516,41.4,제목 없는 위치표시
W,36.59541534,127.2907424,37.5,제목 없는 위치표시
W,36.59536854,127.2908203,37.2,제목 없는 위치표시
W,36.595288,127.2907643,37.8,제목 없는 위치표시
W,36.59534453,127.2909007,37,제목 없는 위치표시
W,36.5953999,127.2911984,35.6,제목 없는 위치표시
W,36.59511157,127.2907953,38.2,제목 없는 위치표시
W,36.59504489,127.2907902,38.4,제목 없는 위치표시
W,36.59497474,127.2907438,38.7,제목 없는 위치표시
W,36.59536691,127.2912519,35.7,제목 없는 위치표시
W,36.59521697,127.291259,36,제목 없는 위치표시
W,36.5933472,127.2911831,47.1,제목 없는 위치표시
W,36.59326432,127.2911944,46.8,제목 없는 위치표시
W,36.59301924,127.2893414,44,제목 없는 위치표시
W,36.5930197,127.2894386,44.3,제목 없는 위치표시
W,36.59517847,127.2892537,41.3,제목 없는 위치표시
W,36.59518763,127.2893921,41.3,제목 없는 위치표시
W,36.59518451,127.2895024,41.3,제목 없는 위치표시
W,36.59498263,127.2895431,41.4,제목 없는 위치표시
W,36.5952612,127.2902909,39.7,제목 없는 위치표시
W,36.59527423,127.2904044,39.3,제목 없는 위치표시
W,36.59538333,127.2916158,34.5,제목 없는 위치표시
W,36.59538966,127.2917048,34.2,제목 없는 위치표시
W,36.59545795,127.2923476,34.1,제목 없는 위치표시
W,36.595463,127.2924439,34,제목 없는 위치표시
W,36.59554861,127.2930846,32.3,제목 없는 위치표시
W,36.59555992,127.2931826,32.2,제목 없는 위치표시
W,36.59554353,127.2932628,32.1,제목 없는 위치표시
W,36.59552193,127.2930211,32.4,제목 없는 위치표시
W,36.59538334,127.2930456,32.3,제목 없는 위치표시
W,36.59540465,127.2932818,31.9,제목 없는 위치표시
W,36.59529409,127.2931129,32.2,제목 없는 위치표시
W,36.59529885,127.2932316,32.1,제목 없는 위치표시
W,36.59453966,127.2933501,33.9,제목 없는 위치표시
W,36.5944042,127.2933779,34.4,제목 없는 위치표시
